New Name,3
asd_01.jpg,0
asd_02.jpg,0
asd_03.jpg,4
asd_04.jpg,2
asd_05.jpg,1
asd_06.jpg,4
asd_07.jpg,4
asd_08.jpg,4
asd_09.jpg,3
asd_10.jpg,0
asd_11.jpg,4
asd_12.jpg,4
asd_13.jpg,4
asd_14.jpg,0
asd_15.jpg,4
asd_16.jpg,0
asd_17.jpg,1
asd_18.jpg,0
asd_19.jpg,1
asd_20.jpg,1
asd_21.jpg,0
asd_22.jpg,1
asd_23.jpg,4
asd_24.jpg,0
asd_25.jpg,4
asd_26.jpg,4
asd_27.jpg,4
asd_28.jpg,0
asd_29.jpg,4
asd_30.jpg,4
asd_31.jpg,0
asd_32.jpg,1
asd_33.jpg,4
asd_34.jpg,3
asd_35.jpg,4
asd_36.jpg,0
asd_37.jpg,4
asd_38.jpg,0
asd_39.jpg,1
asd_40.jpg,0
asd_41.jpg,2
asd_42.jpg,4
asd_43.jpg,1
asd_44.jpg,1
asd_45.jpg,4
asd_46.jpg,1
asd_47.jpg,1
asd_48.jpg,4
asd_49.jpg,4
asd_50.jpg,4
asd_51.jpg,1
asd_52.jpg,4
asd_53.jpg,0
asd_54.jpg,0
asd_55.jpg,1
asd_56.jpg,0
asd_57.jpg,1
asd_58.jpg,0
asd_59.jpg,0
asd_60.jpg,3
asd_61.jpg,4
asd_62.jpg,0
asd_63.jpg,0
asd_64.jpg,2
asd_65.jpg,0
asd_66.jpg,4
asd_67.jpg,4
asd_68.jpg,1
asd_69.jpg,0
asd_70.jpg,0
asd_71.jpg,1
asd_72.jpg,1
asd_73.jpg,4
asd_74.jpg,0
asd_75.jpg,4
asd_76.jpg,0
asd_77.jpg,3
asd_78.jpg,1
asd_79.jpg,1
asd_80.jpg,0
asd_81.jpg,0
asd_82.jpg,0
asd_83.jpg,0
asd_84.jpg,0
asd_85.jpg,1
asd_86.jpg,1
asd_87.jpg,0
asd_88.jpg,0
asd_89.jpg,3
asd_90.jpg,0
asd_91.jpg,4
asd_92.jpg,4
asd_93.jpg,0
asd_94.jpg,0
asd_95.jpg,0
asd_96.jpg,0
asd_97.jpg,0
asd_98.jpg,4
asd_99.jpg,0
asd_100.jpg,3
asd_101.jpg,0
asd_102.jpg,0
asd_103.jpg,0
asd_104.jpg,3
asd_105.jpg,3
asd_106.jpg,0
asd_107.jpg,0
asd_108.jpg,3
asd_109.jpg,0
asd_110.jpg,0
asd_111.jpg,0
asd_112.jpg,0
asd_113.jpg,4
asd_114.jpg,0
asd_115.jpg,4
asd_116.jpg,3
asd_117.jpg,0
asd_118.jpg,3
asd_119.jpg,4
asd_120.jpg,4
asd_121.jpg,4
asd_122.jpg,4
asd_123.jpg,4
asd_124.jpg,0
asd_125.jpg,4
asd_126.jpg,0
asd_127.jpg,4
asd_128.jpg,0
asd_129.jpg,1
asd_130.jpg,0
asd_131.jpg,0
asd_132.jpg,4
asd_133.jpg,0
asd_134.jpg,4
asd_135.jpg,0
asd_136.jpg,4
asd_137.jpg,0
asd_138.jpg,0
asd_139.jpg,0
asd_140.jpg,4
asd_141.jpg,4
asd_142.jpg,4
asd_143.jpg,4
asd_144.jpg,4
asd_145.jpg,1
asd_146.jpg,1
asd_147.jpg,4
asd_148.jpg,1
asd_149.jpg,4
asd_150.jpg,0
asd_151.jpg,0
asd_152.jpg,3
asd_153.jpg,0
asd_154.jpg,1
asd_155.jpg,1
asd_156.jpg,0
asd_157.jpg,2
asd_158.jpg,0
asd_159.jpg,1
asd_160.jpg,3
asd_161.jpg,0
asd_162.jpg,1
asd_163.jpg,2
asd_164.jpg,0
asd_165.jpg,3
asd_166.jpg,0
asd_167.jpg,2
asd_168.jpg,2
asd_169.jpg,0
asd_170.jpg,1
asd_171.jpg,0
asd_172.jpg,0
asd_173.jpg,0
asd_174.jpg,0
asd_175.jpg,0
asd_176.jpg,1
asd_177.jpg,2
asd_178.jpg,2
asd_179.jpg,2
asd_180.jpg,0
asd_181.jpg,0
asd_182.jpg,1
asd_183.jpg,0
asd_184.jpg,0
asd_185.jpg,1
asd_186.jpg,0
asd_187.jpg,0
asd_188.jpg,1
asd_189.jpg,1
asd_190.jpg,0
asd_191.jpg,0
asd_192.jpg,0
asd_193.jpg,0
asd_194.jpg,0
asd_195.jpg,2
asd_196.jpg,2
asd_197.jpg,3
asd_198.jpg,0
asd_199.jpg,1
asd_200.jpg,0
asd_201.jpg,0
asd_202.jpg,0
asd_203.jpg,1
asd_204.jpg,4
asd_205.jpg,0
asd_206.jpg,3
asd_207.jpg,3
asd_208.jpg,0
asd_209.jpg,0
asd_210.jpg,1
asd_211.jpg,1
asd_212.jpg,3
asd_213.jpg,0
asd_214.jpg,0
asd_215.jpg,2
asd_216.jpg,0
asd_217.jpg,0
asd_218.jpg,0
asd_219.jpg,0
asd_220.jpg,0
asd_221.jpg,0
asd_222.jpg,0
asd_223.jpg,2
asd_224.jpg,0
asd_225.jpg,0
asd_226.jpg,3
asd_227.jpg,3
asd_228.jpg,0
asd_229.jpg,3
asd_230.jpg,3
asd_231.jpg,4
asd_232.jpg,4
asd_233.jpg,4
asd_234.jpg,0
asd_235.jpg,4
asd_236.jpg,4
asd_237.jpg,4
asd_238.jpg,0
asd_239.jpg,4
asd_240.jpg,0
asd_241.jpg,4
asd_242.jpg,4
asd_243.jpg,4
asd_244.jpg,4
asd_245.jpg,4
asd_246.jpg,4
asd_247.jpg,0
asd_248.jpg,4
asd_249.jpg,2
asd_250.jpg,0
asd_251.jpg,3
asd_252.jpg,2
asd_253.jpg,0
asd_254.jpg,0
asd_255.jpg,1
asd_256.jpg,4
asd_257.jpg,0
asd_258.jpg,4
asd_259.jpg,1
asd_260.jpg,0
asd_261.jpg,0
asd_262.jpg,4
asd_263.jpg,4
asd_264.jpg,4
asd_265.jpg,3
asd_266.jpg,4
asd_267.jpg,0
asd_268.jpg,3
asd_269.jpg,4
asd_270.jpg,1
asd_271.jpg,4
asd_272.jpg,4
asd_273.jpg,4
asd_274.jpg,0
asd_275.jpg,3
asd_276.jpg,4
asd_277.jpg,4
asd_278.jpg,4
asd_279.jpg,3
asd_280.jpg,1
asd_281.jpg,4
asd_282.jpg,1
asd_283.jpg,4
asd_284.jpg,4
asd_285.jpg,0
asd_286.jpg,0
asd_287.jpg,0
asd_288.jpg,2
asd_289.jpg,4
asd_290.jpg,0
asd_291.jpg,0
asd_292.jpg,2
asd_293.jpg,0
asd_294.jpg,0
asd_295.jpg,0
asd_296.jpg,0
asd_297.jpg,4
asd_298.jpg,4
asd_299.jpg,0
asd_300.jpg,1
asd_301.jpg,3
asd_302.jpg,3
asd_303.jpg,3
asd_304.jpg,3
asd_305.jpg,0
asd_306.jpg,0
asd_307.jpg,1
asd_308.jpg,1
asd_309.jpg,4
asd_310.jpg,3
asd_311.jpg,3
asd_312.jpg,4
asd_313.jpg,4
asd_314.jpg,4
asd_315.jpg,0
asd_316.jpg,0
asd_317.jpg,1
asd_318.jpg,4
asd_319.jpg,4
asd_320.jpg,3
asd_321.jpg,4
asd_322.jpg,2
asd_323.jpg,0
asd_324.jpg,1
asd_325.jpg,0
asd_326.jpg,3
asd_327.jpg,0
asd_328.jpg,1
asd_329.jpg,0
asd_330.jpg,0
asd_331.jpg,4
asd_332.jpg,3
asd_333.jpg,4
asd_334.jpg,0
asd_335.jpg,4
asd_336.jpg,0
asd_337.jpg,4
asd_338.jpg,1
asd_339.jpg,1
asd_340.jpg,0
asd_341.jpg,0
asd_342.jpg,4
asd_343.jpg,4
asd_344.jpg,4
asd_345.jpg,0
asd_346.jpg,3
asd_347.jpg,1
asd_348.jpg,1
asd_349.jpg,0
asd_350.jpg,0
asd_351.jpg,3
asd_352.jpg,0
asd_353.jpg,2
asd_354.jpg,0
asd_355.jpg,0
asd_356.jpg,3
asd_357.jpg,1
asd_358.jpg,3
asd_359.jpg,1
asd_360.jpg,4
asd_361.jpg,4
asd_362.jpg,1
asd_363.jpg,3
asd_364.jpg,3
asd_365.jpg,0
asd_366.jpg,1
asd_367.jpg,4
asd_368.jpg,3
asd_369.jpg,0
asd_370.jpg,3
asd_371.jpg,3
asd_372.jpg,0
asd_373.jpg,0
asd_374.jpg,0
asd_375.jpg,0
asd_376.jpg,4
asd_377.jpg,1
asd_378.jpg,0
asd_379.jpg,0
asd_380.jpg,4
asd_381.jpg,1
asd_382.jpg,1
asd_383.jpg,0
asd_384.jpg,0
asd_385.jpg,0
asd_386.jpg,1
asd_387.jpg,0
asd_388.jpg,1
asd_389.jpg,0
asd_390.jpg,0
asd_391.jpg,1
asd_392.jpg,0
asd_393.jpg,0
asd_394.jpg,1
asd_395.jpg,1
asd_396.jpg,0
asd_397.jpg,4
asd_398.jpg,1
asd_399.jpg,0
asd_400.jpg,0
asd_401.jpg,1
asd_402.jpg,0
asd_403.jpg,0
asd_404.jpg,0
asd_405.jpg,2
asd_406.jpg,0
asd_407.jpg,0
asd_408.jpg,0
asd_409.jpg,2
asd_410.jpg,0
asd_411.jpg,4
asd_412.jpg,3
asd_413.jpg,4
asd_414.jpg,4
asd_415.jpg,0
asd_416.jpg,0
asd_417.jpg,3
asd_418.jpg,0
asd_419.jpg,0
asd_420.jpg,0
asd_421.jpg,0
asd_422.jpg,1
asd_423.jpg,3
asd_424.jpg,0
asd_425.jpg,1
asd_426.jpg,0
asd_427.jpg,2
asd_428.jpg,0
asd_429.jpg,4
asd_430.jpg,1
asd_431.jpg,4
asd_432.jpg,4
asd_433.jpg,3
asd_434.jpg,4
asd_435.jpg,3
asd_436.jpg,3
asd_437.jpg,3
asd_438.jpg,3
asd_439.jpg,0
asd_440.jpg,4
asd_441.jpg,2
asd_442.jpg,4
asd_443.jpg,4
asd_444.jpg,1
asd_445.jpg,3
asd_446.jpg,0
asd_447.jpg,4
asd_448.jpg,0
asd_449.jpg,1
asd_450.jpg,0
asd_451.jpg,4
asd_452.jpg,4
asd_453.jpg,0
asd_454.jpg,0
asd_455.jpg,4
asd_456.jpg,3
asd_457.jpg,4
asd_458.jpg,1
asd_459.jpg,4
asd_460.jpg,1
asd_461.jpg,1
asd_462.jpg,4
asd_463.jpg,4
asd_464.jpg,2
asd_465.jpg,1
asd_466.jpg,1
asd_467.jpg,2
asd_468.jpg,4
asd_469.jpg,4
asd_470.jpg,4
asd_471.jpg,4
asd_472.jpg,1
asd_473.jpg,4
asd_474.jpg,1
asd_475.jpg,1
asd_476.jpg,4
asd_477.jpg,4
asd_478.jpg,4
asd_479.jpg,4
asd_480.jpg,4
asd_481.jpg,1
asd_482.jpg,2
asd_483.jpg,1
asd_484.jpg,1
asd_485.jpg,4
asd_486.jpg,4
asd_487.jpg,4
asd_488.jpg,4
asd_489.jpg,4
asd_490.jpg,1
asd_491.jpg,2
asd_492.jpg,3
asd_493.jpg,2
asd_494.jpg,4
asd_495.jpg,4
asd_496.jpg,1
asd_497.jpg,1
asd_498.jpg,1
asd_499.jpg,1
asd_500.jpg,4
asd_501.jpg,4
asd_502.jpg,4
asd_503.jpg,1
asd_504.jpg,4
asd_505.jpg,2
asd_506.jpg,4
asd_507.jpg,4
asd_508.jpg,1
asd_509.jpg,3
asd_510.jpg,4
asd_511.jpg,2
asd_512.jpg,1
asd_513.jpg,2
asd_514.jpg,1
asd_515.jpg,4
asd_516.jpg,4
asd_517.jpg,4
asd_518.jpg,4
asd_519.jpg,2
asd_520.jpg,1
asd_521.jpg,1
asd_522.jpg,4
asd_523.jpg,4
asd_524.jpg,4
asd_525.jpg,4
asd_526.jpg,3
asd_527.jpg,0
asd_528.jpg,4
asd_529.jpg,4
asd_530.jpg,0
asd_531.jpg,3
asd_532.jpg,1
asd_533.jpg,3
asd_534.jpg,1
asd_535.jpg,2
asd_536.jpg,3
asd_537.jpg,0
asd_538.jpg,3
asd_539.jpg,3
asd_540.jpg,1
asd_541.jpg,1
asd_542.jpg,4
asd_543.jpg,3
asd_544.jpg,3
asd_545.jpg,3
asd_546.jpg,2
asd_547.jpg,4
asd_548.jpg,4
asd_549.jpg,2
asd_550.jpg,4
asd_551.jpg,4
asd_552.jpg,4
asd_553.jpg,4
asd_554.jpg,3
asd_555.jpg,3
asd_556.jpg,3
asd_557.jpg,4
asd_558.jpg,4
asd_559.jpg,4
asd_560.jpg,4
asd_561.jpg,2
asd_562.jpg,2
asd_563.jpg,2
asd_564.jpg,4
asd_565.jpg,3
asd_566.jpg,2
asd_567.jpg,4
asd_568.jpg,1
asd_569.jpg,2
asd_570.jpg,2
asd_571.jpg,1
asd_572.jpg,3
asd_573.jpg,4
asd_574.jpg,4
asd_575.jpg,4
asd_576.jpg,4
asd_577.jpg,3
asd_578.jpg,2
asd_579.jpg,2
asd_580.jpg,4
asd_581.jpg,4
asd_582.jpg,4
asd_583.jpg,0
asd_584.jpg,4
asd_585.jpg,4
asd_586.jpg,4
asd_587.jpg,4
asd_588.jpg,0
asd_589.jpg,0
asd_590.jpg,0
asd_591.jpg,0
asd_592.jpg,1
asd_593.jpg,3
asd_594.jpg,3
asd_595.jpg,4
asd_596.jpg,1
asd_597.jpg,1
asd_598.jpg,2
asd_599.jpg,2
asd_600.jpg,2
asd_601.jpg,2
asd_602.jpg,0
asd_603.jpg,2
asd_604.jpg,0
asd_605.jpg,0
asd_606.jpg,2
asd_607.jpg,3
asd_608.jpg,3
asd_609.jpg,0
asd_610.jpg,4
asd_611.jpg,0
asd_612.jpg,0
asd_613.jpg,4
asd_614.jpg,4
asd_615.jpg,3
asd_616.jpg,4
asd_617.jpg,4
asd_618.jpg,0
asd_619.jpg,3
asd_620.jpg,0
asd_621.jpg,0
asd_622.jpg,0
asd_623.jpg,0
asd_624.jpg,0
asd_625.jpg,2
asd_626.jpg,2
asd_627.jpg,0
asd_628.jpg,4
asd_629.jpg,0
asd_630.jpg,4
asd_631.jpg,0
asd_632.jpg,0
asd_633.jpg,0
asd_634.jpg,0
asd_635.jpg,0
asd_636.jpg,3
asd_637.jpg,0
asd_638.jpg,0
asd_639.jpg,2
asd_640.jpg,0
asd_641.jpg,0
asd_642.jpg,0
asd_643.jpg,0
asd_644.jpg,0
asd_645.jpg,1
asd_646.jpg,0
asd_647.jpg,1
asd_648.jpg,0
asd_649.jpg,0
asd_650.jpg,1
asd_651.jpg,0
asd_652.jpg,1
asd_653.jpg,0
asd_654.jpg,0
asd_655.jpg,0
asd_656.jpg,2
asd_657.jpg,4
asd_658.jpg,0
asd_659.jpg,0
asd_660.jpg,0
asd_661.jpg,1
asd_662.jpg,1
asd_663.jpg,0
asd_664.jpg,0
asd_665.jpg,0
asd_666.jpg,0
asd_667.jpg,3
asd_668.jpg,0
asd_669.jpg,0
asd_670.jpg,4
asd_671.jpg,4
asd_672.jpg,0
asd_673.jpg,0
asd_674.jpg,0
asd_675.jpg,0
asd_676.jpg,0
asd_677.jpg,4
asd_678.jpg,3
asd_679.jpg,4
asd_680.jpg,0
asd_681.jpg,2
asd_682.jpg,0
asd_683.jpg,4
asd_684.jpg,0
asd_685.jpg,0
asd_686.jpg,0
asd_687.jpg,1
asd_688.jpg,1
asd_689.jpg,0
asd_690.jpg,4
asd_691.jpg,0
asd_692.jpg,0
asd_693.jpg,0
asd_694.jpg,0
asd_695.jpg,0
asd_696.jpg,0
asd_697.jpg,1
asd_698.jpg,0
asd_699.jpg,0
asd_700.jpg,1
asd_701.jpg,3
asd_702.jpg,1
asd_703.jpg,1
asd_704.jpg,0
asd_705.jpg,0
asd_706.jpg,0
asd_707.jpg,0
asd_708.jpg,0
asd_709.jpg,0
asd_710.jpg,1
asd_711.jpg,0
asd_712.jpg,4
asd_713.jpg,4
asd_714.jpg,0
asd_715.jpg,4
asd_716.jpg,0
asd_717.jpg,0
asd_718.jpg,0
asd_719.jpg,4
asd_720.jpg,3
asd_721.jpg,4
asd_722.jpg,0
asd_723.jpg,0
asd_724.jpg,2
asd_725.jpg,4
asd_726.jpg,0
asd_727.jpg,0
asd_728.jpg,0
asd_729.jpg,0
asd_730.jpg,0
asd_731.jpg,0
asd_732.jpg,3
asd_733.jpg,2
asd_734.jpg,0
asd_735.jpg,0
asd_736.jpg,0
asd_737.jpg,0
asd_738.jpg,0
asd_739.jpg,0
asd_740.jpg,0
asd_741.jpg,1
asd_742.jpg,1
asd_743.jpg,0
asd_744.jpg,0
asd_745.jpg,0
asd_746.jpg,4
asd_747.jpg,4
asd_748.jpg,0
asd_749.jpg,0
asd_750.jpg,1
asd_751.jpg,4
asd_752.jpg,1
asd_753.jpg,4
asd_754.jpg,1
asd_755.jpg,0
asd_756.jpg,1
asd_757.jpg,1
asd_758.jpg,0
asd_759.jpg,0
asd_760.jpg,4
asd_761.jpg,0
asd_762.jpg,0
asd_763.jpg,0
asd_764.jpg,0
asd_765.jpg,0
asd_766.jpg,0
asd_767.jpg,0
asd_768.jpg,3
asd_769.jpg,0
asd_770.jpg,0
asd_771.jpg,0
asd_772.jpg,0
asd_773.jpg,3
asd_774.jpg,1
asd_775.jpg,0
asd_776.jpg,0
asd_777.jpg,0
asd_778.jpg,0
asd_779.jpg,0
asd_780.jpg,4
asd_781.jpg,0
asd_782.jpg,0
asd_783.jpg,1
asd_784.jpg,4
asd_785.jpg,0
asd_786.jpg,0
asd_787.jpg,4
asd_788.jpg,3
asd_789.jpg,3
asd_790.jpg,0
asd_791.jpg,1
asd_792.jpg,0
asd_793.jpg,1
asd_794.jpg,0
asd_795.jpg,0
asd_796.jpg,0
asd_797.jpg,0
asd_798.jpg,0
asd_799.jpg,0
asd_800.jpg,2
asd_801.jpg,0
asd_802.jpg,2
asd_803.jpg,1
asd_804.jpg,1
asd_805.jpg,0
asd_806.jpg,0
asd_807.jpg,0
asd_808.jpg,0
asd_809.jpg,0
asd_810.jpg,0
asd_811.jpg,4
asd_812.jpg,4
asd_813.jpg,1
asd_814.jpg,0
asd_815.jpg,1
asd_816.jpg,4
asd_817.jpg,4
asd_818.jpg,2
asd_819.jpg,4
asd_820.jpg,0
asd_821.jpg,1
asd_822.jpg,0
asd_823.jpg,0
asd_824.jpg,0
asd_825.jpg,0
asd_826.jpg,3
asd_827.jpg,1
asd_828.jpg,0
asd_829.jpg,1
asd_830.jpg,4
asd_831.jpg,0
asd_832.jpg,0
asd_833.jpg,0
asd_834.jpg,1
asd_835.jpg,3
asd_836.jpg,0
asd_837.jpg,1
asd_838.jpg,3
asd_839.jpg,3
asd_840.jpg,0
asd_841.jpg,1
asd_842.jpg,0
asd_843.jpg,1
asd_844.jpg,0
asd_845.jpg,0
asd_846.jpg,3
asd_847.jpg,0
asd_848.jpg,0
asd_849.jpg,0
asd_850.jpg,0
asd_851.jpg,1
asd_852.jpg,0
asd_853.jpg,0
asd_854.jpg,0
asd_855.jpg,0
asd_856.jpg,0
asd_857.jpg,4
asd_858.jpg,4
asd_859.jpg,1
asd_860.jpg,0
asd_861.jpg,0
asd_862.jpg,0
asd_863.jpg,1
asd_864.jpg,3
asd_865.jpg,1
asd_866.jpg,1
asd_867.jpg,0
asd_868.jpg,0
asd_869.jpg,0
asd_870.jpg,1
asd_871.jpg,4
asd_872.jpg,4
asd_873.jpg,0
asd_874.jpg,2
asd_875.jpg,3
asd_876.jpg,0
asd_877.jpg,1
asd_878.jpg,4
asd_879.jpg,3
asd_880.jpg,0
asd_881.jpg,0
asd_882.jpg,2
asd_883.jpg,4
asd_884.jpg,0
asd_885.jpg,1
asd_886.jpg,1
asd_887.jpg,0
asd_888.jpg,1
asd_889.jpg,4
asd_890.jpg,0
asd_891.jpg,0
asd_892.jpg,3
asd_893.jpg,3
asd_894.jpg,1
asd_895.jpg,1
asd_896.jpg,1
asd_897.jpg,0
asd_898.jpg,0
asd_899.jpg,0
asd_900.jpg,2
asd_901.jpg,0
asd_902.jpg,2
asd_903.jpg,0
asd_904.jpg,1
asd_905.jpg,3
asd_906.jpg,1
asd_907.jpg,0
asd_908.jpg,1
asd_909.jpg,4
asd_910.jpg,0
asd_911.jpg,1
asd_912.jpg,1
asd_913.jpg,3
asd_914.jpg,0
asd_915.jpg,0
asd_916.jpg,0
asd_917.jpg,1
asd_918.jpg,0
asd_919.jpg,0
asd_920.jpg,1
asd_921.jpg,1
asd_922.jpg,0
asd_923.jpg,0
asd_924.jpg,0
asd_925.jpg,0
asd_926.jpg,0
asd_927.jpg,3
asd_928.jpg,3
asd_929.jpg,3
asd_930.jpg,1
asd_931.jpg,4
asd_932.jpg,0
asd_933.jpg,0
asd_934.jpg,0
asd_935.jpg,0
asd_936.jpg,1
asd_937.jpg,0
asd_938.jpg,0
asd_939.jpg,0
asd_940.jpg,0
asd_941.jpg,1
asd_942.jpg,0
asd_943.jpg,4
asd_944.jpg,0
asd_945.jpg,0
asd_946.jpg,0
asd_947.jpg,4
asd_948.jpg,0
asd_949.jpg,1
asd_950.jpg,0
asd_951.jpg,0
asd_952.jpg,0
asd_953.jpg,4
asd_954.jpg,4
asd_955.jpg,0
asd_956.jpg,0
asd_957.jpg,3
asd_958.jpg,1
asd_959.jpg,0
asd_960.jpg,0
asd_961.jpg,4
asd_962.jpg,4
asd_963.jpg,4
asd_964.jpg,4
asd_965.jpg,0
asd_966.jpg,0
asd_967.jpg,0
asd_968.jpg,1
asd_969.jpg,0
asd_970.jpg,0
asd_971.jpg,0
asd_972.jpg,3
asd_973.jpg,4
asd_974.jpg,0
asd_975.jpg,1
asd_976.jpg,0
asd_977.jpg,0
asd_978.jpg,0
asd_979.jpg,1
asd_980.jpg,4
asd_981.jpg,3
asd_982.jpg,0
asd_983.jpg,4
asd_984.jpg,1
asd_985.jpg,0
asd_986.jpg,3
asd_987.jpg,4
asd_988.jpg,4
asd_989.jpg,3
asd_990.jpg,4
asd_991.jpg,3
asd_992.jpg,3
asd_993.jpg,4
asd_994.jpg,3
asd_995.jpg,3
asd_996.jpg,0
asd_997.jpg,4
asd_998.jpg,4
asd_999.jpg,0
asd_1000.jpg,0
asd_1001.jpg,0
asd_1002.jpg,0
asd_1003.jpg,0
asd_1004.jpg,0
asd_1005.jpg,0
asd_1006.jpg,2
asd_1007.jpg,0
asd_1008.jpg,4
asd_1009.jpg,0
asd_1010.jpg,0
asd_1011.jpg,2
asd_1012.jpg,0
asd_1013.jpg,0
asd_1014.jpg,2
asd_1015.jpg,0
asd_1016.jpg,3
asd_1017.jpg,0
asd_1018.jpg,4
asd_1019.jpg,0
asd_1020.jpg,4
asd_1021.jpg,0
asd_1022.jpg,2
asd_1023.jpg,4
asd_1024.jpg,0
asd_1025.jpg,3
asd_1026.jpg,4
asd_1027.jpg,4
asd_1028.jpg,4
asd_1029.jpg,0
asd_1030.jpg,3
asd_1031.jpg,4
asd_1032.jpg,0
asd_1033.jpg,0
asd_1034.jpg,2
asd_1035.jpg,2
asd_1036.jpg,0
asd_1037.jpg,3
asd_1038.jpg,3
asd_1039.jpg,4
asd_1040.jpg,4
asd_1041.jpg,0
asd_1042.jpg,0
asd_1043.jpg,4
asd_1044.jpg,4
asd_1045.jpg,4
asd_1046.jpg,4
asd_1047.jpg,0
asd_1048.jpg,0
asd_1049.jpg,4
asd_1050.jpg,2
asd_1051.jpg,3
asd_1052.jpg,4
asd_1053.jpg,4
asd_1054.jpg,4
asd_1055.jpg,4
asd_1056.jpg,0
asd_1057.jpg,3
asd_1058.jpg,0
asd_1059.jpg,4
asd_1060.jpg,4
asd_1061.jpg,4
asd_1062.jpg,2
asd_1063.jpg,0
asd_1064.jpg,1
asd_1065.jpg,4
asd_1066.jpg,4
asd_1067.jpg,2
asd_1068.jpg,1
asd_1069.jpg,4
asd_1070.jpg,4
asd_1071.jpg,4
asd_1072.jpg,4
asd_1073.jpg,1
asd_1074.jpg,1
asd_1075.jpg,1
asd_1076.jpg,1
asd_1077.jpg,4
asd_1078.jpg,1
asd_1079.jpg,1
asd_1080.jpg,3
asd_1081.jpg,1
asd_1082.jpg,4
asd_1083.jpg,1
asd_1084.jpg,4
asd_1085.jpg,4
asd_1086.jpg,4
asd_1087.jpg,4
asd_1088.jpg,4
asd_1089.jpg,4
asd_1090.jpg,4
asd_1091.jpg,4
asd_1092.jpg,4
asd_1093.jpg,4
asd_1094.jpg,3
asd_1095.jpg,4
asd_1096.jpg,4
asd_1097.jpg,2
asd_1098.jpg,1
asd_1099.jpg,1
asd_1100.jpg,2
asd_1101.jpg,4
asd_1102.jpg,4
asd_1103.jpg,4
asd_1104.jpg,4
asd_1105.jpg,2
asd_1106.jpg,4
asd_1107.jpg,4
asd_1108.jpg,2
asd_1109.jpg,3
asd_1110.jpg,2
asd_1111.jpg,1
asd_1112.jpg,4
asd_1113.jpg,1
asd_1114.jpg,0
asd_1115.jpg,1
asd_1116.jpg,4
asd_1117.jpg,2
asd_1118.jpg,2
asd_1119.jpg,3
asd_1120.jpg,1
asd_1121.jpg,1
asd_1122.jpg,4
asd_1123.jpg,3
asd_1124.jpg,4
asd_1125.jpg,1
asd_1126.jpg,1
asd_1127.jpg,1
asd_1128.jpg,1
asd_1129.jpg,4
asd_1130.jpg,4
asd_1131.jpg,2
asd_1132.jpg,4
asd_1133.jpg,4
asd_1134.jpg,3
asd_1135.jpg,4
asd_1136.jpg,0
asd_1137.jpg,4
asd_1138.jpg,4
asd_1139.jpg,4
asd_1140.jpg,4
asd_1141.jpg,4
asd_1142.jpg,4
asd_1143.jpg,4
asd_1144.jpg,2
asd_1145.jpg,4
asd_1146.jpg,4
asd_1147.jpg,1
asd_1148.jpg,1
asd_1149.jpg,4
asd_1150.jpg,1
asd_1151.jpg,4
asd_1152.jpg,4
asd_1153.jpg,2
asd_1154.jpg,1
asd_1155.jpg,1
asd_1156.jpg,1
asd_1157.jpg,1
asd_1158.jpg,4
asd_1159.jpg,2
asd_1160.jpg,1
asd_1161.jpg,4
asd_1162.jpg,3
asd_1163.jpg,2
asd_1164.jpg,4
asd_1165.jpg,4
asd_1166.jpg,1
asd_1167.jpg,4
asd_1168.jpg,4
asd_1169.jpg,4
asd_1170.jpg,4
asd_1171.jpg,4
asd_1172.jpg,4
asd_1173.jpg,4
asd_1174.jpg,4
asd_1175.jpg,4
asd_1176.jpg,4
asd_1177.jpg,4
asd_1178.jpg,4
asd_1179.jpg,4
asd_1180.jpg,4
asd_1181.jpg,4
asd_1182.jpg,4
asd_1183.jpg,4
asd_1184.jpg,4
asd_1185.jpg,0
asd_1186.jpg,4
asd_1187.jpg,3
asd_1188.jpg,4
asd_1189.jpg,4
asd_1190.jpg,3
asd_1191.jpg,2
asd_1192.jpg,2
asd_1193.jpg,4
asd_1194.jpg,2
asd_1195.jpg,4
asd_1196.jpg,2
asd_1197.jpg,2
asd_1198.jpg,2
asd_1199.jpg,4
asd_1200.jpg,2
asd_1201.jpg,4
asd_1202.jpg,2
asd_1203.jpg,4
asd_1204.jpg,2
asd_1205.jpg,4
asd_1206.jpg,2
asd_1207.jpg,4
asd_1208.jpg,2
asd_1209.jpg,4
asd_1210.jpg,0
asd_1211.jpg,0
asd_1212.jpg,1
asd_1213.jpg,0
asd_1214.jpg,4
asd_1215.jpg,0
asd_1216.jpg,4
asd_1217.jpg,4
asd_1218.jpg,4
asd_1219.jpg,0
asd_1220.jpg,0
asd_1221.jpg,4
asd_1222.jpg,3
asd_1223.jpg,4
asd_1224.jpg,4
asd_1225.jpg,3
asd_1226.jpg,3
asd_1227.jpg,0
asd_1228.jpg,1
asd_1229.jpg,4
asd_1230.jpg,0
asd_1231.jpg,0
asd_1232.jpg,0
asd_1233.jpg,4
asd_1234.jpg,2
asd_1235.jpg,4
asd_1236.jpg,4
asd_1237.jpg,1
asd_1238.jpg,3
asd_1239.jpg,0
asd_1240.jpg,0
asd_1241.jpg,2
asd_1242.jpg,2
asd_1243.jpg,2
asd_1244.jpg,2
asd_1245.jpg,2
asd_1246.jpg,2
asd_1247.jpg,2
asd_1248.jpg,2
asd_1249.jpg,2
asd_1250.jpg,2
asd_1251.jpg,2
asd_1252.jpg,2
asd_1253.jpg,2
asd_1254.jpg,0
asd_1255.jpg,2
asd_1256.jpg,2
asd_1257.jpg,0
asd_1258.jpg,2
asd_1259.jpg,2
asd_1260.jpg,2
asd_1261.jpg,0
asd_1262.jpg,2
asd_1263.jpg,2
asd_1264.jpg,2
asd_1265.jpg,2
asd_1266.jpg,2
asd_1267.jpg,0
asd_1268.jpg,2
