0.jpg,3
00.jpg,0
000.jpg,0
0000.jpg,4
0001.jpg,2
00010.jpg,1
00011.jpg,4
00012.jpg,4
00013.jpg,4
00014.jpg,3
00015.jpg,0
00016.jpg,4
00017.jpg,4
00018.jpg,4
00019.jpg,0
0002.jpg,4
00020.jpg,0
00021.jpg,1
00022.jpg,0
00023.jpg,1
00024.jpg,1
00025.jpg,0
00026.jpg,1
00027.jpg,4
00028.jpg,0
00029.jpg,4
0003.jpg,4
00030.jpg,4
00031.jpg,0
00032.jpg,4
00033.jpg,4
00034.jpg,0
00035.jpg,1
00036.jpg,4
00037.jpg,3
00038.jpg,4
00039.jpg,0
0004.jpg,4
00040.jpg,0
00041.jpg,1
00042.jpg,0
00043.jpg,2
00044.jpg,4
00045.jpg,1
00046.jpg,1
00047.jpg,4
00048.jpg,1
00049.jpg,1
0005.jpg,4
00050.jpg,4
00051.jpg,4
00052.jpg,1
00053.jpg,4
00054.jpg,0
00055.jpg,0
00056.jpg,1
00057.jpg,0
00058.jpg,1
00059.jpg,0
0006.jpg,0
00060.jpg,3
00061.jpg,4
00062.jpg,0
00063.jpg,0
00064.jpg,2
00065.jpg,0
00066.jpg,4
00067.jpg,4
00068.jpg,1
0007.jpg,0
0008.jpg,0
001.jpg,1
0010.jpg,1
0011.jpg,4
0012.jpg,0
0013.jpg,4
0014.jpg,0
0015.jpg,3
0016.jpg,1
0019.jpg,1
002.jpg,0
0020.jpg,0
0021.jpg,0
0023.jpg,0
0024.jpg,0
0025.jpg,1
0026.jpg,1
0027.jpg,0
0028.jpg,0
0029.jpg,3
003.jpg,0
0030.jpg,4
0031.jpg,4
0032.jpg,0
0033.jpg,0
0034.jpg,0
007.jpg,0
008.jpg,0
009.jpg,4
01.jpg,0
010.jpg,3
011.jpg,0
012.jpg,0
013.jpg,0
014.jpg,3
015.jpg,3
016.jpg,0
017.jpg,0
018.jpg,3
021.jpg,0
022.jpg,0
023.jpg,0
024.jpg,0
028.jpg,4
029.jpg,0
03.jpg,4
030.jpg,3
031.jpg,0
032.jpg,3
033.jpg,4
034.jpg,4
035.jpg,4
036.jpg,4
037.jpg,4
038.jpg,0
039.jpg,4
04.jpg,0
040.jpg,4
041.jpg,0
042.jpg,1
043.jpg,0
045.jpg,0
047.jpg,4
048.jpg,0
051.jpg,4
052.jpg,0
053.jpg,4
054.jpg,0
057.jpg,0
06.jpg,0
07.jpg,4
08.jpg,4
1.jpg,4
10 copy.jpg,4
100.jpg,4
1000.jpg,1
1001 copy.jpg,1
1001.jpg,4
10010.jpg,1
100100.jpg,4
100102.jpg,0
100103.jpg,0
100105.jpg,3
100107.jpg,0
100109.jpg,1
10011.jpg,1
100110.jpg,0
100111.jpg,2
100112.jpg,0
10013.jpg,1
10015.jpg,3
10017.jpg,0
10019.jpg,1
1002.jpg,2
10023.jpg,0
10024.jpg,3
10025.jpg,0
10026.jpg,2
10027.jpg,2
1003 copy.jpg,0
1003.jpg,1
10031.jpg,0
10032.jpg,0
10033.jpg,0
10034.jpg,0
10036.jpg,0
10038.jpg,1
10039.jpg,2
1004.jpg,2
10040.jpg,2
10045.jpg,0
10046.jpg,0
10049.jpg,1
10050.jpg,0
10051.jpg,0
10052.jpg,1
10057.jpg,0
10058.jpg,0
10059.jpg,1
1006 copy.jpg,1
1006.jpg,0
10060.jpg,0
10061.jpg,0
10063.jpg,0
10064.jpg,0
10066.jpg,2
10067.jpg,2
10068.jpg,3
10069.jpg,0
10070.jpg,1
10071.jpg,0
10072.jpg,0
10073.jpg,0
10077.jpg,1
10078.jpg,4
1008 copy.jpg,0
1008.jpg,3
10080.jpg,3
10081.jpg,0
10082.jpg,0
10083.jpg,1
10084.jpg,1
10085.jpg,3
10086.jpg,0
10087.jpg,0
10088.jpg,2
10089.jpg,0
1009.jpg,0
10090.jpg,0
10092.jpg,0
10093.jpg,0
10094.jpg,0
10095.jpg,0
10096.jpg,2
10097.jpg,0
10098.jpg,0
10099.jpg,3
101 copy.jpg,3
101.jpg,0
1010.jpg,3
1011.jpg,3
1013.jpg,4
1014.jpg,4
1016.jpg,4
1018.jpg,0
1019.jpg,4
102 copy 2.jpg,4
102 copy.jpg,4
102.jpg,0
1021.jpg,4
1022.jpg,0
1024.jpg,4
1025.jpg,4
1028.jpg,4
1029.jpg,4
103 copy 2.jpg,4
103 copy 3.jpg,4
103 copy.jpg,0
1031.jpg,4
1032.jpg,2
1034.jpg,0
1036.jpg,3
1037.jpg,2
1038.jpg,0
1039.jpg,0
104.jpg,1
1042.jpg,4
1044.jpg,0
1048.jpg,4
1049.jpg,1
105.jpg,0
1052.jpg,0
1053.jpg,4
1054.jpg,4
1055.jpg,4
1057.jpg,3
1060.jpg,4
1064.jpg,0
1065.jpg,3
1067.jpg,4
1068.jpg,1
1070.jpg,4
1071.jpg,4
1073.jpg,4
1074.jpg,0
1078.jpg,3
108.jpg,4
1080.jpg,4
1082.jpg,4
1083.jpg,3
1084.jpg,1
1085.jpg,4
109.jpg,1
1091.jpg,4
1092.jpg,4
1093.jpg,0
1095.jpg,0
1098.jpg,0
11.jpg,2
1101.jpg,4
11012.jpg,0
11014.jpg,0
11016.jpg,2
1102 copy.jpg,0
1102.jpg,0
11025.jpg,0
1103.jpg,0
1105.jpg,4
1106.jpg,4
1108 copy.jpg,0
1108.jpg,1
1109.jpg,3
111.jpg,3
1111.jpg,3
1112.jpg,3
1114.jpg,0
1115.jpg,0
1116.jpg,1
1117.jpg,1
1119.jpg,4
112 copy.jpg,3
112.jpg,3
1122.jpg,4
1126.jpg,4
1128.jpg,4
1129.jpg,0
113 copy.jpg,0
113.jpg,1
1130.jpg,4
1132.jpg,4
1133.jpg,3
1134.jpg,4
1135.jpg,2
1140.jpg,0
1141.jpg,1
1143.jpg,0
1145.jpg,3
1146.jpg,0
1147.jpg,1
1149.jpg,0
115 copy 2.jpg,0
115 copy.jpg,4
115.jpg,3
1150.jpg,4
1152.jpg,0
1154.jpg,4
1155.jpg,0
1156.jpg,4
1158.jpg,1
1159.jpg,1
116 copy.jpg,0
116.jpg,0
1160.jpg,4
1166.jpg,4
1167.jpg,4
1168.jpg,0
1169.jpg,3
117.jpg,1
1170.jpg,1
1171.jpg,0
1172.jpg,0
1173.jpg,3
1174.jpg,0
1177.jpg,2
1178.jpg,0
1179.jpg,0
118.jpg,3
1180.jpg,1
1182.jpg,3
1183.jpg,1
1185.jpg,4
1186.jpg,4
1188.jpg,1
1189.jpg,3
119.jpg,3
1191.jpg,0
1192.jpg,1
12 copy.jpg,4
12.jpg,3
120 copy.jpg,0
120.jpg,3
1200.jpg,3
1201.jpg,0
12012.jpg,0
12013.jpg,0
12015.jpg,0
12016.jpg,4
12018.jpg,1
12019.jpg,0
1202.jpg,0
12020.jpg,4
12021.jpg,1
12022.jpg,1
12023.jpg,0
12024.jpg,0
12025.jpg,0
12026.jpg,1
12027.jpg,0
12028.jpg,1
12029.jpg,0
1203.jpg,0
12030.jpg,1
12031.jpg,0
12032.jpg,0
12033.jpg,1
12034.jpg,1
12035.jpg,0
12037.jpg,4
12038.jpg,1
12039.jpg,0
12040.jpg,0
12041.jpg,1
12042.jpg,0
12043.jpg,0
12044.jpg,0
12045.jpg,2
12046.jpg,0
12047.jpg,0
12048.jpg,0
12049.jpg,2
12051.jpg,0
12052.jpg,4
12053.jpg,3
12054.jpg,4
12055.jpg,4
12056.jpg,0
12058.jpg,0
12059.jpg,3
12060.jpg,0
12062.jpg,0
12063.jpg,0
1209.jpg,0
121.jpg,1
122.jpg,3
123.jpg,0
124.jpg,1
125 copy.jpg,0
126 copy 2.jpg,2
127 copy.jpg,0
128.jpg,4
129.jpg,1
13 copy.jpg,4
13.jpg,4
1300.jpg,3
1301.jpg,4
13011.jpg,3
1309.jpg,3
131 copy.jpg,3
131.jpg,3
132 copy.jpg,0
132.jpg,4
134.jpg,2
135 copy.jpg,4
135.jpg,4
136 copy.jpg,1
136.jpg,3
137 copy.jpg,0
138.jpg,4
139 copy 2.jpg,0
14011.jpg,1
143.jpg,0
144 copy.jpg,4
144.jpg,4
145 copy.jpg,0
145.jpg,0
146 copy.jpg,4
146.jpg,3
147.jpg,4
148 copy.jpg,1
149.jpg,4
15.jpg,1
150 copy 2.jpg,1
150 copy.jpg,4
150.jpg,4
1500.jpg,2
1501.jpg,1
15010.jpg,1
150100.jpg,2
150101.jpg,4
150102.jpg,4
150103.jpg,4
150104.jpg,4
150106.jpg,1
150108.jpg,4
150112.jpg,1
150113.jpg,1
150120.jpg,4
150121.jpg,4
150124.jpg,4
150125.jpg,4
150127.jpg,4
150128.jpg,1
150134.jpg,2
150136.jpg,1
150138.jpg,1
150139.jpg,4
15020.jpg,4
15021.jpg,4
15022.jpg,4
15023.jpg,4
15024.jpg,1
15026.jpg,2
15028.jpg,3
1503.jpg,2
15035.jpg,4
15036.jpg,4
15038.jpg,1
1504.jpg,1
15041.jpg,1
15042.jpg,1
15044.jpg,4
15045.jpg,4
15046.jpg,4
15054.jpg,1
15055.jpg,4
15056.jpg,2
15057.jpg,4
15058.jpg,4
15059.jpg,1
15060.jpg,3
15061.jpg,4
15063.jpg,2
15069.jpg,1
15070.jpg,2
15075.jpg,1
15077.jpg,4
15079.jpg,4
1508.jpg,4
15081.jpg,4
15082.jpg,2
15083.jpg,1
15084.jpg,1
15085.jpg,4
15090.jpg,4
15091.jpg,4
15092.jpg,4
15096.jpg,3
15097.jpg,0
15098.jpg,4
15099.jpg,4
151.jpg,0
152.jpg,3
154.jpg,1
156.jpg,3
157 copy.jpg,1
157.jpg,2
158.jpg,3
159.jpg,0
16 copy.jpg,3
16.jpg,3
1600.jpg,1
1601.jpg,1
16010.jpg,4
16011.jpg,3
16012.jpg,3
16013.jpg,3
16014.jpg,2
16015.jpg,4
16016.jpg,4
16017.jpg,2
16018.jpg,4
16019.jpg,4
16022.jpg,4
16023.jpg,4
16024.jpg,3
16025.jpg,3
1603.jpg,3
16030.jpg,4
16031.jpg,4
16032.jpg,4
16033.jpg,4
16034.jpg,2
16035.jpg,2
16036.jpg,2
16037.jpg,4
16038.jpg,3
16039.jpg,2
1604.jpg,4
16040.jpg,1
16041.jpg,2
16045.jpg,2
16053.jpg,1
16054.jpg,3
16055.jpg,4
16056.jpg,4
16057.jpg,4
16058.jpg,4
16059.jpg,3
16062.jpg,2
16063.jpg,2
16065.jpg,4
16066.jpg,4
16067.jpg,4
162 copy 2.jpg,0
162 copy.jpg,4
162.jpg,4
163.jpg,4
164.jpg,4
165.jpg,0
167 copy.jpg,0
167.jpg,0
168.jpg,0
169 copy.jpg,1
169.jpg,3
17.jpg,3
170.jpg,4
1700.jpg,1
17010.jpg,1
17011.jpg,2
17012.jpg,2
17013.jpg,2
17014.jpg,2
17015.jpg,0
1702.jpg,2
1703.jpg,0
1705.jpg,0
1706.jpg,2
172 copy.jpg,3
172.jpg,3
175 copy.jpg,0
175.jpg,4
176 copy.jpg,0
177 copy.jpg,0
177.jpg,4
178.jpg,4
179 copy.jpg,3
179.jpg,4
18.jpg,4
180 copy.jpg,0
180.jpg,3
1800.jpg,0
1801.jpg,0
18010.jpg,0
180100.jpg,0
180101.jpg,0
180102.jpg,2
180103.jpg,2
180104.jpg,0
180105.jpg,4
180106.jpg,0
180107.jpg,4
180108.jpg,0
180109.jpg,0
18011.jpg,0
180110.jpg,0
180111.jpg,0
180112.jpg,3
180113.jpg,0
180114.jpg,0
180115.jpg,2
180116.jpg,0
180117.jpg,0
18012.jpg,0
180120.jpg,0
180121.jpg,0
180122.jpg,1
180123.jpg,0
180124.jpg,1
180125.jpg,0
180126.jpg,0
180128.jpg,1
180129.jpg,0
18013.jpg,1
180130.jpg,0
180131.jpg,0
180132.jpg,0
180134.jpg,2
180135.jpg,4
180136.jpg,0
180138.jpg,0
180139.jpg,0
180140.jpg,1
180141.jpg,1
180142.jpg,0
180143.jpg,0
180144.jpg,0
180145.jpg,0
180146.jpg,3
180147.jpg,0
180148.jpg,0
180149.jpg,4
18015.jpg,4
180150.jpg,0
180153.jpg,0
180154.jpg,0
180155.jpg,0
180156.jpg,0
180160.jpg,4
180161.jpg,3
180162.jpg,4
180163.jpg,0
180164.jpg,2
180165.jpg,0
180166.jpg,4
180167.jpg,0
180169.jpg,0
180171.jpg,0
180172.jpg,1
180173.jpg,1
180175.jpg,0
180176.jpg,4
180178.jpg,0
180180.jpg,0
180181.jpg,0
180182.jpg,0
180183.jpg,0
180184.jpg,0
180186.jpg,1
18019.jpg,0
180191.jpg,0
180192.jpg,1
180193.jpg,3
180194.jpg,1
180195.jpg,1
180196.jpg,0
180197.jpg,0
180198.jpg,0
180199.jpg,0
1802.jpg,0
18020.jpg,0
180200.jpg,1
180202.jpg,0
180207.jpg,4
180208.jpg,4
180209.jpg,0
18021.jpg,4
180211.jpg,0
180212.jpg,0
180214.jpg,0
180215.jpg,4
180217.jpg,3
18022.jpg,4
180220.jpg,0
180221.jpg,0
180222.jpg,2
180223.jpg,4
180224.jpg,0
18023.jpg,0
180230.jpg,0
180231.jpg,0
180232.jpg,0
180233.jpg,0
180234.jpg,3
180235.jpg,2
180236.jpg,0
180237.jpg,0
180238.jpg,0
180241.jpg,0
180242.jpg,0
180243.jpg,0
180244.jpg,0
180247.jpg,1
180249.jpg,1
18025.jpg,0
180250.jpg,0
180251.jpg,0
180252.jpg,4
180253.jpg,4
180254.jpg,0
180255.jpg,0
180256.jpg,1
180257.jpg,4
180260.jpg,1
180262.jpg,4
180263.jpg,1
180264.jpg,0
180265.jpg,1
180267.jpg,1
180268.jpg,0
180269.jpg,0
18027.jpg,4
180270.jpg,0
180271.jpg,0
180272.jpg,0
180273.jpg,0
180276.jpg,0
180277.jpg,0
180278.jpg,0
180279.jpg,3
180280.jpg,0
180282.jpg,0
180283.jpg,0
180285.jpg,0
180286.jpg,3
180287.jpg,1
180288.jpg,0
18029.jpg,0
180290.jpg,0
180291.jpg,0
180292.jpg,0
180293.jpg,4
180294.jpg,0
180295.jpg,0
180296.jpg,1
180297.jpg,4
180298.jpg,0
180301.jpg,0
180302.jpg,4
180304.jpg,3
180306.jpg,3
180307.jpg,0
180308.jpg,1
180309.jpg,0
180311.jpg,1
180313.jpg,0
180314.jpg,0
180315.jpg,0
180316.jpg,0
180318.jpg,0
180319.jpg,0
180321.jpg,2
180322.jpg,0
180323.jpg,2
180324.jpg,1
180325.jpg,1
180326.jpg,0
180328.jpg,0
180329.jpg,0
18033.jpg,0
180330.jpg,0
180331.jpg,0
180332.jpg,4
180333.jpg,4
180334.jpg,1
180335.jpg,0
180336.jpg,1
180337.jpg,4
180338.jpg,4
180341.jpg,2
180342.jpg,4
180343.jpg,0
180344.jpg,1
180346.jpg,0
180348.jpg,0
180349.jpg,0
18035.jpg,0
180350.jpg,3
180351.jpg,1
180353.jpg,0
180354.jpg,1
180355.jpg,4
180357.jpg,0
18036.jpg,0
180360.jpg,0
180361.jpg,1
180362.jpg,3
180363.jpg,0
180364.jpg,1
180365.jpg,3
180366.jpg,3
180367.jpg,0
180368.jpg,1
180369.jpg,0
18037.jpg,1
180370.jpg,0
180371.jpg,0
180372.jpg,3
180373.jpg,0
180374.jpg,0
180375.jpg,0
180376.jpg,0
180377.jpg,1
180378.jpg,0
18038.jpg,0
180380.jpg,0
180381.jpg,0
180382.jpg,0
180383.jpg,4
180384.jpg,4
180386.jpg,1
18039.jpg,0
180390.jpg,0
180391.jpg,0
180392.jpg,1
180393.jpg,3
180397.jpg,1
1804.jpg,1
18040.jpg,0
180400.jpg,0
180401.jpg,0
180402.jpg,1
180403.jpg,4
180404.jpg,4
180405.jpg,0
180406.jpg,2
180408.jpg,3
180409.jpg,0
18041.jpg,1
180412.jpg,4
180413.jpg,3
180414.jpg,0
180416.jpg,0
180417.jpg,2
180418.jpg,4
180419.jpg,0
18042.jpg,1
180420.jpg,1
180421.jpg,0
180422.jpg,1
180423.jpg,4
180424.jpg,0
180427.jpg,0
180429.jpg,3
18043.jpg,3
180430.jpg,1
180431.jpg,1
180432.jpg,1
180433.jpg,0
180434.jpg,0
180435.jpg,0
180438.jpg,2
180439.jpg,0
18044.jpg,2
180440.jpg,0
180441.jpg,1
180442.jpg,3
180443.jpg,1
180444.jpg,0
180445.jpg,1
180448.jpg,4
18045.jpg,0
180450.jpg,1
180451.jpg,1
180452.jpg,3
180453.jpg,0
180454.jpg,0
180455.jpg,0
180456.jpg,1
180457.jpg,0
180458.jpg,0
180459.jpg,1
18046.jpg,1
180460.jpg,0
180461.jpg,0
180464.jpg,0
180466.jpg,0
180467.jpg,0
