0.jpg,3,New Name
00.jpg,0,asd_01.jpg
000.jpg,0,asd_02.jpg
0000.jpg,4,asd_03.jpg
0001.jpg,2,asd_04.jpg
00010.jpg,1,asd_05.jpg
00011.jpg,4,asd_06.jpg
00012.jpg,4,asd_07.jpg
00013.jpg,4,asd_08.jpg
00014.jpg,3,asd_09.jpg
00015.jpg,0,asd_10.jpg
00016.jpg,4,asd_11.jpg
00017.jpg,4,asd_12.jpg
00018.jpg,4,asd_13.jpg
00019.jpg,0,asd_14.jpg
0002.jpg,4,asd_15.jpg
00020.jpg,0,asd_16.jpg
00021.jpg,1,asd_17.jpg
00022.jpg,0,asd_18.jpg
00023.jpg,1,asd_19.jpg
00024.jpg,1,asd_20.jpg
00025.jpg,0,asd_21.jpg
00026.jpg,1,asd_22.jpg
00027.jpg,4,asd_23.jpg
00028.jpg,0,asd_24.jpg
00029.jpg,4,asd_25.jpg
0003.jpg,4,asd_26.jpg
00030.jpg,4,asd_27.jpg
00031.jpg,0,asd_28.jpg
00032.jpg,4,asd_29.jpg
00033.jpg,4,asd_30.jpg
00034.jpg,0,asd_31.jpg
00035.jpg,1,asd_32.jpg
00036.jpg,4,asd_33.jpg
00037.jpg,3,asd_34.jpg
00038.jpg,4,asd_35.jpg
00039.jpg,0,asd_36.jpg
0004.jpg,4,asd_37.jpg
00040.jpg,0,asd_38.jpg
00041.jpg,1,asd_39.jpg
00042.jpg,0,asd_40.jpg
00043.jpg,2,asd_41.jpg
00044.jpg,4,asd_42.jpg
00045.jpg,1,asd_43.jpg
00046.jpg,1,asd_44.jpg
00047.jpg,4,asd_45.jpg
00048.jpg,1,asd_46.jpg
00049.jpg,1,asd_47.jpg
0005.jpg,4,asd_48.jpg
00050.jpg,4,asd_49.jpg
00051.jpg,4,asd_50.jpg
00052.jpg,1,asd_51.jpg
00053.jpg,4,asd_52.jpg
00054.jpg,0,asd_53.jpg
00055.jpg,0,asd_54.jpg
00056.jpg,1,asd_55.jpg
00057.jpg,0,asd_56.jpg
00058.jpg,1,asd_57.jpg
00059.jpg,0,asd_58.jpg
0006.jpg,0,asd_59.jpg
00060.jpg,3,asd_60.jpg
00061.jpg,4,asd_61.jpg
00062.jpg,0,asd_62.jpg
00063.jpg,0,asd_63.jpg
00064.jpg,2,asd_64.jpg
00065.jpg,0,asd_65.jpg
00066.jpg,4,asd_66.jpg
00067.jpg,4,asd_67.jpg
00068.jpg,1,asd_68.jpg
0007.jpg,0,asd_69.jpg
0008.jpg,0,asd_70.jpg
001.jpg,1,asd_71.jpg
0010.jpg,1,asd_72.jpg
0011.jpg,4,asd_73.jpg
0012.jpg,0,asd_74.jpg
0013.jpg,4,asd_75.jpg
0014.jpg,0,asd_76.jpg
0015.jpg,3,asd_77.jpg
0016.jpg,1,asd_78.jpg
0019.jpg,1,asd_79.jpg
002.jpg,0,asd_80.jpg
0020.jpg,0,asd_81.jpg
0021.jpg,0,asd_82.jpg
0023.jpg,0,asd_83.jpg
0024.jpg,0,asd_84.jpg
0025.jpg,1,asd_85.jpg
0026.jpg,1,asd_86.jpg
0027.jpg,0,asd_87.jpg
0028.jpg,0,asd_88.jpg
0029.jpg,3,asd_89.jpg
003.jpg,0,asd_90.jpg
0030.jpg,4,asd_91.jpg
0031.jpg,4,asd_92.jpg
0032.jpg,0,asd_93.jpg
0033.jpg,0,asd_94.jpg
0034.jpg,0,asd_95.jpg
007.jpg,0,asd_96.jpg
008.jpg,0,asd_97.jpg
009.jpg,4,asd_98.jpg
01.jpg,0,asd_99.jpg
010.jpg,3,asd_100.jpg
011.jpg,0,asd_101.jpg
012.jpg,0,asd_102.jpg
013.jpg,0,asd_103.jpg
014.jpg,3,asd_104.jpg
015.jpg,3,asd_105.jpg
016.jpg,0,asd_106.jpg
017.jpg,0,asd_107.jpg
018.jpg,3,asd_108.jpg
021.jpg,0,asd_109.jpg
022.jpg,0,asd_110.jpg
023.jpg,0,asd_111.jpg
024.jpg,0,asd_112.jpg
028.jpg,4,asd_113.jpg
029.jpg,0,asd_114.jpg
03.jpg,4,asd_115.jpg
030.jpg,3,asd_116.jpg
031.jpg,0,asd_117.jpg
032.jpg,3,asd_118.jpg
033.jpg,4,asd_119.jpg
034.jpg,4,asd_120.jpg
035.jpg,4,asd_121.jpg
036.jpg,4,asd_122.jpg
037.jpg,4,asd_123.jpg
038.jpg,0,asd_124.jpg
039.jpg,4,asd_125.jpg
04.jpg,0,asd_126.jpg
040.jpg,4,asd_127.jpg
041.jpg,0,asd_128.jpg
042.jpg,1,asd_129.jpg
043.jpg,0,asd_130.jpg
045.jpg,0,asd_131.jpg
047.jpg,4,asd_132.jpg
048.jpg,0,asd_133.jpg
051.jpg,4,asd_134.jpg
052.jpg,0,asd_135.jpg
053.jpg,4,asd_136.jpg
054.jpg,0,asd_137.jpg
057.jpg,0,asd_138.jpg
06.jpg,0,asd_139.jpg
07.jpg,4,asd_140.jpg
08.jpg,4,asd_141.jpg
1.jpg,4,asd_142.jpg
10 copy.jpg,4,asd_143.jpg
100.jpg,4,asd_144.jpg
1000.jpg,1,asd_145.jpg
1001 copy.jpg,1,asd_146.jpg
1001.jpg,4,asd_147.jpg
10010.jpg,1,asd_148.jpg
100100.jpg,4,asd_149.jpg
100102.jpg,0,asd_150.jpg
100103.jpg,0,asd_151.jpg
100105.jpg,3,asd_152.jpg
100107.jpg,0,asd_153.jpg
100109.jpg,1,asd_154.jpg
10011.jpg,1,asd_155.jpg
100110.jpg,0,asd_156.jpg
100111.jpg,2,asd_157.jpg
100112.jpg,0,asd_158.jpg
10013.jpg,1,asd_159.jpg
10015.jpg,3,asd_160.jpg
10017.jpg,0,asd_161.jpg
10019.jpg,1,asd_162.jpg
1002.jpg,2,asd_163.jpg
10023.jpg,0,asd_164.jpg
10024.jpg,3,asd_165.jpg
10025.jpg,0,asd_166.jpg
10026.jpg,2,asd_167.jpg
10027.jpg,2,asd_168.jpg
1003 copy.jpg,0,asd_169.jpg
1003.jpg,1,asd_170.jpg
10031.jpg,0,asd_171.jpg
10032.jpg,0,asd_172.jpg
10033.jpg,0,asd_173.jpg
10034.jpg,0,asd_174.jpg
10036.jpg,0,asd_175.jpg
10038.jpg,1,asd_176.jpg
10039.jpg,2,asd_177.jpg
1004.jpg,2,asd_178.jpg
10040.jpg,2,asd_179.jpg
10045.jpg,0,asd_180.jpg
10046.jpg,0,asd_181.jpg
10049.jpg,1,asd_182.jpg
10050.jpg,0,asd_183.jpg
10051.jpg,0,asd_184.jpg
10052.jpg,1,asd_185.jpg
10057.jpg,0,asd_186.jpg
10058.jpg,0,asd_187.jpg
10059.jpg,1,asd_188.jpg
1006 copy.jpg,1,asd_189.jpg
1006.jpg,0,asd_190.jpg
10060.jpg,0,asd_191.jpg
10061.jpg,0,asd_192.jpg
10063.jpg,0,asd_193.jpg
10064.jpg,0,asd_194.jpg
10066.jpg,2,asd_195.jpg
10067.jpg,2,asd_196.jpg
10068.jpg,3,asd_197.jpg
10069.jpg,0,asd_198.jpg
10070.jpg,1,asd_199.jpg
10071.jpg,0,asd_200.jpg
10072.jpg,0,asd_201.jpg
10073.jpg,0,asd_202.jpg
10077.jpg,1,asd_203.jpg
10078.jpg,4,asd_204.jpg
1008 copy.jpg,0,asd_205.jpg
1008.jpg,3,asd_206.jpg
10080.jpg,3,asd_207.jpg
10081.jpg,0,asd_208.jpg
10082.jpg,0,asd_209.jpg
10083.jpg,1,asd_210.jpg
10084.jpg,1,asd_211.jpg
10085.jpg,3,asd_212.jpg
10086.jpg,0,asd_213.jpg
10087.jpg,0,asd_214.jpg
10088.jpg,2,asd_215.jpg
10089.jpg,0,asd_216.jpg
1009.jpg,0,asd_217.jpg
10090.jpg,0,asd_218.jpg
10092.jpg,0,asd_219.jpg
10093.jpg,0,asd_220.jpg
10094.jpg,0,asd_221.jpg
10095.jpg,0,asd_222.jpg
10096.jpg,2,asd_223.jpg
10097.jpg,0,asd_224.jpg
10098.jpg,0,asd_225.jpg
10099.jpg,3,asd_226.jpg
101 copy.jpg,3,asd_227.jpg
101.jpg,0,asd_228.jpg
1010.jpg,3,asd_229.jpg
1011.jpg,3,asd_230.jpg
1013.jpg,4,asd_231.jpg
1014.jpg,4,asd_232.jpg
1016.jpg,4,asd_233.jpg
1018.jpg,0,asd_234.jpg
1019.jpg,4,asd_235.jpg
102 copy 2.jpg,4,asd_236.jpg
102 copy.jpg,4,asd_237.jpg
102.jpg,0,asd_238.jpg
1021.jpg,4,asd_239.jpg
1022.jpg,0,asd_240.jpg
1024.jpg,4,asd_241.jpg
1025.jpg,4,asd_242.jpg
1028.jpg,4,asd_243.jpg
1029.jpg,4,asd_244.jpg
103 copy 2.jpg,4,asd_245.jpg
103 copy 3.jpg,4,asd_246.jpg
103 copy.jpg,0,asd_247.jpg
1031.jpg,4,asd_248.jpg
1032.jpg,2,asd_249.jpg
1034.jpg,0,asd_250.jpg
1036.jpg,3,asd_251.jpg
1037.jpg,2,asd_252.jpg
1038.jpg,0,asd_253.jpg
1039.jpg,0,asd_254.jpg
104.jpg,1,asd_255.jpg
1042.jpg,4,asd_256.jpg
1044.jpg,0,asd_257.jpg
1048.jpg,4,asd_258.jpg
1049.jpg,1,asd_259.jpg
105.jpg,0,asd_260.jpg
1052.jpg,0,asd_261.jpg
1053.jpg,4,asd_262.jpg
1054.jpg,4,asd_263.jpg
1055.jpg,4,asd_264.jpg
1057.jpg,3,asd_265.jpg
1060.jpg,4,asd_266.jpg
1064.jpg,0,asd_267.jpg
1065.jpg,3,asd_268.jpg
1067.jpg,4,asd_269.jpg
1068.jpg,1,asd_270.jpg
1070.jpg,4,asd_271.jpg
1071.jpg,4,asd_272.jpg
1073.jpg,4,asd_273.jpg
1074.jpg,0,asd_274.jpg
1078.jpg,3,asd_275.jpg
108.jpg,4,asd_276.jpg
1080.jpg,4,asd_277.jpg
1082.jpg,4,asd_278.jpg
1083.jpg,3,asd_279.jpg
1084.jpg,1,asd_280.jpg
1085.jpg,4,asd_281.jpg
109.jpg,1,asd_282.jpg
1091.jpg,4,asd_283.jpg
1092.jpg,4,asd_284.jpg
1093.jpg,0,asd_285.jpg
1095.jpg,0,asd_286.jpg
1098.jpg,0,asd_287.jpg
11.jpg,2,asd_288.jpg
1101.jpg,4,asd_289.jpg
11012.jpg,0,asd_290.jpg
11014.jpg,0,asd_291.jpg
11016.jpg,2,asd_292.jpg
1102 copy.jpg,0,asd_293.jpg
1102.jpg,0,asd_294.jpg
11025.jpg,0,asd_295.jpg
1103.jpg,0,asd_296.jpg
1105.jpg,4,asd_297.jpg
1106.jpg,4,asd_298.jpg
1108 copy.jpg,0,asd_299.jpg
1108.jpg,1,asd_300.jpg
1109.jpg,3,asd_301.jpg
111.jpg,3,asd_302.jpg
1111.jpg,3,asd_303.jpg
1112.jpg,3,asd_304.jpg
1114.jpg,0,asd_305.jpg
1115.jpg,0,asd_306.jpg
1116.jpg,1,asd_307.jpg
1117.jpg,1,asd_308.jpg
1119.jpg,4,asd_309.jpg
112 copy.jpg,3,asd_310.jpg
112.jpg,3,asd_311.jpg
1122.jpg,4,asd_312.jpg
1126.jpg,4,asd_313.jpg
1128.jpg,4,asd_314.jpg
1129.jpg,0,asd_315.jpg
113 copy.jpg,0,asd_316.jpg
113.jpg,1,asd_317.jpg
1130.jpg,4,asd_318.jpg
1132.jpg,4,asd_319.jpg
1133.jpg,3,asd_320.jpg
1134.jpg,4,asd_321.jpg
1135.jpg,2,asd_322.jpg
1140.jpg,0,asd_323.jpg
1141.jpg,1,asd_324.jpg
1143.jpg,0,asd_325.jpg
1145.jpg,3,asd_326.jpg
1146.jpg,0,asd_327.jpg
1147.jpg,1,asd_328.jpg
1149.jpg,0,asd_329.jpg
115 copy 2.jpg,0,asd_330.jpg
115 copy.jpg,4,asd_331.jpg
115.jpg,3,asd_332.jpg
1150.jpg,4,asd_333.jpg
1152.jpg,0,asd_334.jpg
1154.jpg,4,asd_335.jpg
1155.jpg,0,asd_336.jpg
1156.jpg,4,asd_337.jpg
1158.jpg,1,asd_338.jpg
1159.jpg,1,asd_339.jpg
116 copy.jpg,0,asd_340.jpg
116.jpg,0,asd_341.jpg
1160.jpg,4,asd_342.jpg
1166.jpg,4,asd_343.jpg
1167.jpg,4,asd_344.jpg
1168.jpg,0,asd_345.jpg
1169.jpg,3,asd_346.jpg
117.jpg,1,asd_347.jpg
1170.jpg,1,asd_348.jpg
1171.jpg,0,asd_349.jpg
1172.jpg,0,asd_350.jpg
1173.jpg,3,asd_351.jpg
1174.jpg,0,asd_352.jpg
1177.jpg,2,asd_353.jpg
1178.jpg,0,asd_354.jpg
1179.jpg,0,asd_355.jpg
118.jpg,3,asd_356.jpg
1180.jpg,1,asd_357.jpg
1182.jpg,3,asd_358.jpg
1183.jpg,1,asd_359.jpg
1185.jpg,4,asd_360.jpg
1186.jpg,4,asd_361.jpg
1188.jpg,1,asd_362.jpg
1189.jpg,3,asd_363.jpg
119.jpg,3,asd_364.jpg
1191.jpg,0,asd_365.jpg
1192.jpg,1,asd_366.jpg
12 copy.jpg,4,asd_367.jpg
12.jpg,3,asd_368.jpg
120 copy.jpg,0,asd_369.jpg
120.jpg,3,asd_370.jpg
1200.jpg,3,asd_371.jpg
1201.jpg,0,asd_372.jpg
12012.jpg,0,asd_373.jpg
12013.jpg,0,asd_374.jpg
12015.jpg,0,asd_375.jpg
12016.jpg,4,asd_376.jpg
12018.jpg,1,asd_377.jpg
12019.jpg,0,asd_378.jpg
1202.jpg,0,asd_379.jpg
12020.jpg,4,asd_380.jpg
12021.jpg,1,asd_381.jpg
12022.jpg,1,asd_382.jpg
12023.jpg,0,asd_383.jpg
12024.jpg,0,asd_384.jpg
12025.jpg,0,asd_385.jpg
12026.jpg,1,asd_386.jpg
12027.jpg,0,asd_387.jpg
12028.jpg,1,asd_388.jpg
12029.jpg,0,asd_389.jpg
1203.jpg,0,asd_390.jpg
12030.jpg,1,asd_391.jpg
12031.jpg,0,asd_392.jpg
12032.jpg,0,asd_393.jpg
12033.jpg,1,asd_394.jpg
12034.jpg,1,asd_395.jpg
12035.jpg,0,asd_396.jpg
12037.jpg,4,asd_397.jpg
12038.jpg,1,asd_398.jpg
12039.jpg,0,asd_399.jpg
12040.jpg,0,asd_400.jpg
12041.jpg,1,asd_401.jpg
12042.jpg,0,asd_402.jpg
12043.jpg,0,asd_403.jpg
12044.jpg,0,asd_404.jpg
12045.jpg,2,asd_405.jpg
12046.jpg,0,asd_406.jpg
12047.jpg,0,asd_407.jpg
12048.jpg,0,asd_408.jpg
12049.jpg,2,asd_409.jpg
12051.jpg,0,asd_410.jpg
12052.jpg,4,asd_411.jpg
12053.jpg,3,asd_412.jpg
12054.jpg,4,asd_413.jpg
12055.jpg,4,asd_414.jpg
12056.jpg,0,asd_415.jpg
12058.jpg,0,asd_416.jpg
12059.jpg,3,asd_417.jpg
12060.jpg,0,asd_418.jpg
12062.jpg,0,asd_419.jpg
12063.jpg,0,asd_420.jpg
1209.jpg,0,asd_421.jpg
121.jpg,1,asd_422.jpg
122.jpg,3,asd_423.jpg
123.jpg,0,asd_424.jpg
124.jpg,1,asd_425.jpg
125 copy.jpg,0,asd_426.jpg
126 copy 2.jpg,2,asd_427.jpg
127 copy.jpg,0,asd_428.jpg
128.jpg,4,asd_429.jpg
129.jpg,1,asd_430.jpg
13 copy.jpg,4,asd_431.jpg
13.jpg,4,asd_432.jpg
1300.jpg,3,asd_433.jpg
1301.jpg,4,asd_434.jpg
13011.jpg,3,asd_435.jpg
1309.jpg,3,asd_436.jpg
131 copy.jpg,3,asd_437.jpg
131.jpg,3,asd_438.jpg
132 copy.jpg,0,asd_439.jpg
132.jpg,4,asd_440.jpg
134.jpg,2,asd_441.jpg
135 copy.jpg,4,asd_442.jpg
135.jpg,4,asd_443.jpg
136 copy.jpg,1,asd_444.jpg
136.jpg,3,asd_445.jpg
137 copy.jpg,0,asd_446.jpg
138.jpg,4,asd_447.jpg
139 copy 2.jpg,0,asd_448.jpg
14011.jpg,1,asd_449.jpg
143.jpg,0,asd_450.jpg
144 copy.jpg,4,asd_451.jpg
144.jpg,4,asd_452.jpg
145 copy.jpg,0,asd_453.jpg
145.jpg,0,asd_454.jpg
146 copy.jpg,4,asd_455.jpg
146.jpg,3,asd_456.jpg
147.jpg,4,asd_457.jpg
148 copy.jpg,1,asd_458.jpg
149.jpg,4,asd_459.jpg
15.jpg,1,asd_460.jpg
150 copy 2.jpg,1,asd_461.jpg
150 copy.jpg,4,asd_462.jpg
150.jpg,4,asd_463.jpg
1500.jpg,2,asd_464.jpg
1501.jpg,1,asd_465.jpg
15010.jpg,1,asd_466.jpg
150100.jpg,2,asd_467.jpg
150101.jpg,4,asd_468.jpg
150102.jpg,4,asd_469.jpg
150103.jpg,4,asd_470.jpg
150104.jpg,4,asd_471.jpg
150106.jpg,1,asd_472.jpg
150108.jpg,4,asd_473.jpg
150112.jpg,1,asd_474.jpg
150113.jpg,1,asd_475.jpg
150120.jpg,4,asd_476.jpg
150121.jpg,4,asd_477.jpg
150124.jpg,4,asd_478.jpg
150125.jpg,4,asd_479.jpg
150127.jpg,4,asd_480.jpg
150128.jpg,1,asd_481.jpg
150134.jpg,2,asd_482.jpg
150136.jpg,1,asd_483.jpg
150138.jpg,1,asd_484.jpg
150139.jpg,4,asd_485.jpg
15020.jpg,4,asd_486.jpg
15021.jpg,4,asd_487.jpg
15022.jpg,4,asd_488.jpg
15023.jpg,4,asd_489.jpg
15024.jpg,1,asd_490.jpg
15026.jpg,2,asd_491.jpg
15028.jpg,3,asd_492.jpg
1503.jpg,2,asd_493.jpg
15035.jpg,4,asd_494.jpg
15036.jpg,4,asd_495.jpg
15038.jpg,1,asd_496.jpg
1504.jpg,1,asd_497.jpg
15041.jpg,1,asd_498.jpg
15042.jpg,1,asd_499.jpg
15044.jpg,4,asd_500.jpg
15045.jpg,4,asd_501.jpg
15046.jpg,4,asd_502.jpg
15054.jpg,1,asd_503.jpg
15055.jpg,4,asd_504.jpg
15056.jpg,2,asd_505.jpg
15057.jpg,4,asd_506.jpg
15058.jpg,4,asd_507.jpg
15059.jpg,1,asd_508.jpg
15060.jpg,3,asd_509.jpg
15061.jpg,4,asd_510.jpg
15063.jpg,2,asd_511.jpg
15069.jpg,1,asd_512.jpg
15070.jpg,2,asd_513.jpg
15075.jpg,1,asd_514.jpg
15077.jpg,4,asd_515.jpg
15079.jpg,4,asd_516.jpg
1508.jpg,4,asd_517.jpg
15081.jpg,4,asd_518.jpg
15082.jpg,2,asd_519.jpg
15083.jpg,1,asd_520.jpg
15084.jpg,1,asd_521.jpg
15085.jpg,4,asd_522.jpg
15090.jpg,4,asd_523.jpg
15091.jpg,4,asd_524.jpg
15092.jpg,4,asd_525.jpg
15096.jpg,3,asd_526.jpg
15097.jpg,0,asd_527.jpg
15098.jpg,4,asd_528.jpg
15099.jpg,4,asd_529.jpg
151.jpg,0,asd_530.jpg
152.jpg,3,asd_531.jpg
154.jpg,1,asd_532.jpg
156.jpg,3,asd_533.jpg
157 copy.jpg,1,asd_534.jpg
157.jpg,2,asd_535.jpg
158.jpg,3,asd_536.jpg
159.jpg,0,asd_537.jpg
16 copy.jpg,3,asd_538.jpg
16.jpg,3,asd_539.jpg
1600.jpg,1,asd_540.jpg
1601.jpg,1,asd_541.jpg
16010.jpg,4,asd_542.jpg
16011.jpg,3,asd_543.jpg
16012.jpg,3,asd_544.jpg
16013.jpg,3,asd_545.jpg
16014.jpg,2,asd_546.jpg
16015.jpg,4,asd_547.jpg
16016.jpg,4,asd_548.jpg
16017.jpg,2,asd_549.jpg
16018.jpg,4,asd_550.jpg
16019.jpg,4,asd_551.jpg
16022.jpg,4,asd_552.jpg
16023.jpg,4,asd_553.jpg
16024.jpg,3,asd_554.jpg
16025.jpg,3,asd_555.jpg
1603.jpg,3,asd_556.jpg
16030.jpg,4,asd_557.jpg
16031.jpg,4,asd_558.jpg
16032.jpg,4,asd_559.jpg
16033.jpg,4,asd_560.jpg
16034.jpg,2,asd_561.jpg
16035.jpg,2,asd_562.jpg
16036.jpg,2,asd_563.jpg
16037.jpg,4,asd_564.jpg
16038.jpg,3,asd_565.jpg
16039.jpg,2,asd_566.jpg
1604.jpg,4,asd_567.jpg
16040.jpg,1,asd_568.jpg
16041.jpg,2,asd_569.jpg
16045.jpg,2,asd_570.jpg
16053.jpg,1,asd_571.jpg
16054.jpg,3,asd_572.jpg
16055.jpg,4,asd_573.jpg
16056.jpg,4,asd_574.jpg
16057.jpg,4,asd_575.jpg
16058.jpg,4,asd_576.jpg
16059.jpg,3,asd_577.jpg
16062.jpg,2,asd_578.jpg
16063.jpg,2,asd_579.jpg
16065.jpg,4,asd_580.jpg
16066.jpg,4,asd_581.jpg
16067.jpg,4,asd_582.jpg
162 copy 2.jpg,0,asd_583.jpg
162 copy.jpg,4,asd_584.jpg
162.jpg,4,asd_585.jpg
163.jpg,4,asd_586.jpg
164.jpg,4,asd_587.jpg
165.jpg,0,asd_588.jpg
167 copy.jpg,0,asd_589.jpg
167.jpg,0,asd_590.jpg
168.jpg,0,asd_591.jpg
169 copy.jpg,1,asd_592.jpg
169.jpg,3,asd_593.jpg
17.jpg,3,asd_594.jpg
170.jpg,4,asd_595.jpg
1700.jpg,1,asd_596.jpg
17010.jpg,1,asd_597.jpg
17011.jpg,2,asd_598.jpg
17012.jpg,2,asd_599.jpg
17013.jpg,2,asd_600.jpg
17014.jpg,2,asd_601.jpg
17015.jpg,0,asd_602.jpg
1702.jpg,2,asd_603.jpg
1703.jpg,0,asd_604.jpg
1705.jpg,0,asd_605.jpg
1706.jpg,2,asd_606.jpg
172 copy.jpg,3,asd_607.jpg
172.jpg,3,asd_608.jpg
175 copy.jpg,0,asd_609.jpg
175.jpg,4,asd_610.jpg
176 copy.jpg,0,asd_611.jpg
177 copy.jpg,0,asd_612.jpg
177.jpg,4,asd_613.jpg
178.jpg,4,asd_614.jpg
179 copy.jpg,3,asd_615.jpg
179.jpg,4,asd_616.jpg
18.jpg,4,asd_617.jpg
180 copy.jpg,0,asd_618.jpg
180.jpg,3,asd_619.jpg
1800.jpg,0,asd_620.jpg
1801.jpg,0,asd_621.jpg
18010.jpg,0,asd_622.jpg
180100.jpg,0,asd_623.jpg
180101.jpg,0,asd_624.jpg
180102.jpg,2,asd_625.jpg
180103.jpg,2,asd_626.jpg
180104.jpg,0,asd_627.jpg
180105.jpg,4,asd_628.jpg
180106.jpg,0,asd_629.jpg
180107.jpg,4,asd_630.jpg
180108.jpg,0,asd_631.jpg
180109.jpg,0,asd_632.jpg
18011.jpg,0,asd_633.jpg
180110.jpg,0,asd_634.jpg
180111.jpg,0,asd_635.jpg
180112.jpg,3,asd_636.jpg
180113.jpg,0,asd_637.jpg
180114.jpg,0,asd_638.jpg
180115.jpg,2,asd_639.jpg
180116.jpg,0,asd_640.jpg
180117.jpg,0,asd_641.jpg
18012.jpg,0,asd_642.jpg
180120.jpg,0,asd_643.jpg
180121.jpg,0,asd_644.jpg
180122.jpg,1,asd_645.jpg
180123.jpg,0,asd_646.jpg
180124.jpg,1,asd_647.jpg
180125.jpg,0,asd_648.jpg
180126.jpg,0,asd_649.jpg
180128.jpg,1,asd_650.jpg
180129.jpg,0,asd_651.jpg
18013.jpg,1,asd_652.jpg
180130.jpg,0,asd_653.jpg
180131.jpg,0,asd_654.jpg
180132.jpg,0,asd_655.jpg
180134.jpg,2,asd_656.jpg
180135.jpg,4,asd_657.jpg
180136.jpg,0,asd_658.jpg
180138.jpg,0,asd_659.jpg
180139.jpg,0,asd_660.jpg
180140.jpg,1,asd_661.jpg
180141.jpg,1,asd_662.jpg
180142.jpg,0,asd_663.jpg
180143.jpg,0,asd_664.jpg
180144.jpg,0,asd_665.jpg
180145.jpg,0,asd_666.jpg
180146.jpg,3,asd_667.jpg
180147.jpg,0,asd_668.jpg
180148.jpg,0,asd_669.jpg
180149.jpg,4,asd_670.jpg
18015.jpg,4,asd_671.jpg
180150.jpg,0,asd_672.jpg
180153.jpg,0,asd_673.jpg
180154.jpg,0,asd_674.jpg
180155.jpg,0,asd_675.jpg
180156.jpg,0,asd_676.jpg
180160.jpg,4,asd_677.jpg
180161.jpg,3,asd_678.jpg
180162.jpg,4,asd_679.jpg
180163.jpg,0,asd_680.jpg
180164.jpg,2,asd_681.jpg
180165.jpg,0,asd_682.jpg
180166.jpg,4,asd_683.jpg
180167.jpg,0,asd_684.jpg
180169.jpg,0,asd_685.jpg
180171.jpg,0,asd_686.jpg
180172.jpg,1,asd_687.jpg
180173.jpg,1,asd_688.jpg
180175.jpg,0,asd_689.jpg
180176.jpg,4,asd_690.jpg
180178.jpg,0,asd_691.jpg
180180.jpg,0,asd_692.jpg
180181.jpg,0,asd_693.jpg
180182.jpg,0,asd_694.jpg
180183.jpg,0,asd_695.jpg
180184.jpg,0,asd_696.jpg
180186.jpg,1,asd_697.jpg
18019.jpg,0,asd_698.jpg
180191.jpg,0,asd_699.jpg
180192.jpg,1,asd_700.jpg
180193.jpg,3,asd_701.jpg
180194.jpg,1,asd_702.jpg
180195.jpg,1,asd_703.jpg
180196.jpg,0,asd_704.jpg
180197.jpg,0,asd_705.jpg
180198.jpg,0,asd_706.jpg
180199.jpg,0,asd_707.jpg
1802.jpg,0,asd_708.jpg
18020.jpg,0,asd_709.jpg
180200.jpg,1,asd_710.jpg
180202.jpg,0,asd_711.jpg
180207.jpg,4,asd_712.jpg
180208.jpg,4,asd_713.jpg
180209.jpg,0,asd_714.jpg
18021.jpg,4,asd_715.jpg
180211.jpg,0,asd_716.jpg
180212.jpg,0,asd_717.jpg
180214.jpg,0,asd_718.jpg
180215.jpg,4,asd_719.jpg
180217.jpg,3,asd_720.jpg
18022.jpg,4,asd_721.jpg
180220.jpg,0,asd_722.jpg
180221.jpg,0,asd_723.jpg
180222.jpg,2,asd_724.jpg
180223.jpg,4,asd_725.jpg
180224.jpg,0,asd_726.jpg
18023.jpg,0,asd_727.jpg
180230.jpg,0,asd_728.jpg
180231.jpg,0,asd_729.jpg
180232.jpg,0,asd_730.jpg
180233.jpg,0,asd_731.jpg
180234.jpg,3,asd_732.jpg
180235.jpg,2,asd_733.jpg
180236.jpg,0,asd_734.jpg
180237.jpg,0,asd_735.jpg
180238.jpg,0,asd_736.jpg
180241.jpg,0,asd_737.jpg
180242.jpg,0,asd_738.jpg
180243.jpg,0,asd_739.jpg
180244.jpg,0,asd_740.jpg
180247.jpg,1,asd_741.jpg
180249.jpg,1,asd_742.jpg
18025.jpg,0,asd_743.jpg
180250.jpg,0,asd_744.jpg
180251.jpg,0,asd_745.jpg
180252.jpg,4,asd_746.jpg
180253.jpg,4,asd_747.jpg
180254.jpg,0,asd_748.jpg
180255.jpg,0,asd_749.jpg
180256.jpg,1,asd_750.jpg
180257.jpg,4,asd_751.jpg
180260.jpg,1,asd_752.jpg
180262.jpg,4,asd_753.jpg
180263.jpg,1,asd_754.jpg
180264.jpg,0,asd_755.jpg
180265.jpg,1,asd_756.jpg
180267.jpg,1,asd_757.jpg
180268.jpg,0,asd_758.jpg
180269.jpg,0,asd_759.jpg
18027.jpg,4,asd_760.jpg
180270.jpg,0,asd_761.jpg
180271.jpg,0,asd_762.jpg
180272.jpg,0,asd_763.jpg
180273.jpg,0,asd_764.jpg
180276.jpg,0,asd_765.jpg
180277.jpg,0,asd_766.jpg
180278.jpg,0,asd_767.jpg
180279.jpg,3,asd_768.jpg
180280.jpg,0,asd_769.jpg
180282.jpg,0,asd_770.jpg
180283.jpg,0,asd_771.jpg
180285.jpg,0,asd_772.jpg
180286.jpg,3,asd_773.jpg
180287.jpg,1,asd_774.jpg
180288.jpg,0,asd_775.jpg
18029.jpg,0,asd_776.jpg
180290.jpg,0,asd_777.jpg
180291.jpg,0,asd_778.jpg
180292.jpg,0,asd_779.jpg
180293.jpg,4,asd_780.jpg
180294.jpg,0,asd_781.jpg
180295.jpg,0,asd_782.jpg
180296.jpg,1,asd_783.jpg
180297.jpg,4,asd_784.jpg
180298.jpg,0,asd_785.jpg
180301.jpg,0,asd_786.jpg
180302.jpg,4,asd_787.jpg
180304.jpg,3,asd_788.jpg
180306.jpg,3,asd_789.jpg
180307.jpg,0,asd_790.jpg
180308.jpg,1,asd_791.jpg
180309.jpg,0,asd_792.jpg
180311.jpg,1,asd_793.jpg
180313.jpg,0,asd_794.jpg
180314.jpg,0,asd_795.jpg
180315.jpg,0,asd_796.jpg
180316.jpg,0,asd_797.jpg
180318.jpg,0,asd_798.jpg
180319.jpg,0,asd_799.jpg
180321.jpg,2,asd_800.jpg
180322.jpg,0,asd_801.jpg
180323.jpg,2,asd_802.jpg
180324.jpg,1,asd_803.jpg
180325.jpg,1,asd_804.jpg
180326.jpg,0,asd_805.jpg
180328.jpg,0,asd_806.jpg
180329.jpg,0,asd_807.jpg
18033.jpg,0,asd_808.jpg
180330.jpg,0,asd_809.jpg
180331.jpg,0,asd_810.jpg
180332.jpg,4,asd_811.jpg
180333.jpg,4,asd_812.jpg
180334.jpg,1,asd_813.jpg
180335.jpg,0,asd_814.jpg
180336.jpg,1,asd_815.jpg
180337.jpg,4,asd_816.jpg
180338.jpg,4,asd_817.jpg
180341.jpg,2,asd_818.jpg
180342.jpg,4,asd_819.jpg
180343.jpg,0,asd_820.jpg
180344.jpg,1,asd_821.jpg
180346.jpg,0,asd_822.jpg
180348.jpg,0,asd_823.jpg
180349.jpg,0,asd_824.jpg
18035.jpg,0,asd_825.jpg
180350.jpg,3,asd_826.jpg
180351.jpg,1,asd_827.jpg
180353.jpg,0,asd_828.jpg
180354.jpg,1,asd_829.jpg
180355.jpg,4,asd_830.jpg
180357.jpg,0,asd_831.jpg
18036.jpg,0,asd_832.jpg
180360.jpg,0,asd_833.jpg
180361.jpg,1,asd_834.jpg
180362.jpg,3,asd_835.jpg
180363.jpg,0,asd_836.jpg
180364.jpg,1,asd_837.jpg
180365.jpg,3,asd_838.jpg
180366.jpg,3,asd_839.jpg
180367.jpg,0,asd_840.jpg
180368.jpg,1,asd_841.jpg
180369.jpg,0,asd_842.jpg
18037.jpg,1,asd_843.jpg
180370.jpg,0,asd_844.jpg
180371.jpg,0,asd_845.jpg
180372.jpg,3,asd_846.jpg
180373.jpg,0,asd_847.jpg
180374.jpg,0,asd_848.jpg
180375.jpg,0,asd_849.jpg
180376.jpg,0,asd_850.jpg
180377.jpg,1,asd_851.jpg
180378.jpg,0,asd_852.jpg
18038.jpg,0,asd_853.jpg
180380.jpg,0,asd_854.jpg
180381.jpg,0,asd_855.jpg
180382.jpg,0,asd_856.jpg
180383.jpg,4,asd_857.jpg
180384.jpg,4,asd_858.jpg
180386.jpg,1,asd_859.jpg
18039.jpg,0,asd_860.jpg
180390.jpg,0,asd_861.jpg
180391.jpg,0,asd_862.jpg
180392.jpg,1,asd_863.jpg
180393.jpg,3,asd_864.jpg
180397.jpg,1,asd_865.jpg
1804.jpg,1,asd_866.jpg
18040.jpg,0,asd_867.jpg
180400.jpg,0,asd_868.jpg
180401.jpg,0,asd_869.jpg
180402.jpg,1,asd_870.jpg
180403.jpg,4,asd_871.jpg
180404.jpg,4,asd_872.jpg
180405.jpg,0,asd_873.jpg
180406.jpg,2,asd_874.jpg
180408.jpg,3,asd_875.jpg
180409.jpg,0,asd_876.jpg
18041.jpg,1,asd_877.jpg
180412.jpg,4,asd_878.jpg
180413.jpg,3,asd_879.jpg
180414.jpg,0,asd_880.jpg
180416.jpg,0,asd_881.jpg
180417.jpg,2,asd_882.jpg
180418.jpg,4,asd_883.jpg
180419.jpg,0,asd_884.jpg
18042.jpg,1,asd_885.jpg
180420.jpg,1,asd_886.jpg
180421.jpg,0,asd_887.jpg
180422.jpg,1,asd_888.jpg
180423.jpg,4,asd_889.jpg
180424.jpg,0,asd_890.jpg
180427.jpg,0,asd_891.jpg
180429.jpg,3,asd_892.jpg
18043.jpg,3,asd_893.jpg
180430.jpg,1,asd_894.jpg
180431.jpg,1,asd_895.jpg
180432.jpg,1,asd_896.jpg
180433.jpg,0,asd_897.jpg
180434.jpg,0,asd_898.jpg
180435.jpg,0,asd_899.jpg
180438.jpg,2,asd_900.jpg
180439.jpg,0,asd_901.jpg
18044.jpg,2,asd_902.jpg
180440.jpg,0,asd_903.jpg
180441.jpg,1,asd_904.jpg
180442.jpg,3,asd_905.jpg
180443.jpg,1,asd_906.jpg
180444.jpg,0,asd_907.jpg
180445.jpg,1,asd_908.jpg
180448.jpg,4,asd_909.jpg
18045.jpg,0,asd_910.jpg
180450.jpg,1,asd_911.jpg
180451.jpg,1,asd_912.jpg
180452.jpg,3,asd_913.jpg
180453.jpg,0,asd_914.jpg
180454.jpg,0,asd_915.jpg
180455.jpg,0,asd_916.jpg
180456.jpg,1,asd_917.jpg
180457.jpg,0,asd_918.jpg
180458.jpg,0,asd_919.jpg
180459.jpg,1,asd_920.jpg
18046.jpg,1,asd_921.jpg
180460.jpg,0,asd_922.jpg
180461.jpg,0,asd_923.jpg
180464.jpg,0,asd_924.jpg
180466.jpg,0,asd_925.jpg
180467.jpg,0,asd_926.jpg
63.jpg,3,asd_927.jpg
823.jpg,3,asd_928.jpg
180468.jpg,3,asd_929.jpg
180469.jpg,1,asd_930.jpg
18047.jpg,4,asd_931.jpg
180470.jpg,0,asd_932.jpg
180471.jpg,0,asd_933.jpg
180472.jpg,0,asd_934.jpg
180473.jpg,0,asd_935.jpg
180474.jpg,1,asd_936.jpg
180475.jpg,0,asd_937.jpg
180476.jpg,0,asd_938.jpg
180477.jpg,0,asd_939.jpg
180478.jpg,0,asd_940.jpg
180479.jpg,1,asd_941.jpg
18048.jpg,0,asd_942.jpg
180480.jpg,4,asd_943.jpg
180481.jpg,0,asd_944.jpg
180482.jpg,0,asd_945.jpg
180483.jpg,0,asd_946.jpg
18049.jpg,4,asd_947.jpg
18051.jpg,0,asd_948.jpg
18055.jpg,1,asd_949.jpg
18056.jpg,0,asd_950.jpg
18057.jpg,0,asd_951.jpg
18061.jpg,0,asd_952.jpg
18064.jpg,4,asd_953.jpg
18065.jpg,4,asd_954.jpg
18066.jpg,0,asd_955.jpg
18067.jpg,0,asd_956.jpg
18068.jpg,3,asd_957.jpg
18069.jpg,1,asd_958.jpg
1807.jpg,0,asd_959.jpg
18074.jpg,0,asd_960.jpg
18075.jpg,4,asd_961.jpg
18076.jpg,4,asd_962.jpg
18077.jpg,4,asd_963.jpg
18078.jpg,4,asd_964.jpg
18079.jpg,0,asd_965.jpg
1808.jpg,0,asd_966.jpg
18080.jpg,0,asd_967.jpg
18081.jpg,1,asd_968.jpg
18082.jpg,0,asd_969.jpg
18083.jpg,0,asd_970.jpg
18084.jpg,0,asd_971.jpg
18085.jpg,3,asd_972.jpg
18086.jpg,4,asd_973.jpg
18087.jpg,0,asd_974.jpg
18088.jpg,1,asd_975.jpg
18089.jpg,0,asd_976.jpg
1809.jpg,0,asd_977.jpg
18090.jpg,0,asd_978.jpg
18091.jpg,1,asd_979.jpg
18092.jpg,4,asd_980.jpg
18093.jpg,3,asd_981.jpg
18095.jpg,0,asd_982.jpg
18096.jpg,4,asd_983.jpg
18097.jpg,1,asd_984.jpg
18099.jpg,0,asd_985.jpg
181.jpg,3,asd_986.jpg
182.jpg,4,asd_987.jpg
183 copy 2.jpg,4,asd_988.jpg
183 copy.jpg,3,asd_989.jpg
183.jpg,4,asd_990.jpg
184 copy.jpg,3,asd_991.jpg
184.jpg,3,asd_992.jpg
185 copy.jpg,4,asd_993.jpg
185.jpg,3,asd_994.jpg
186.jpg,3,asd_995.jpg
187 copy.jpg,0,asd_996.jpg
188.jpg,4,asd_997.jpg
189 copy.jpg,4,asd_998.jpg
19.jpg,0,asd_999.jpg
1900.jpg,0,asd_1000.jpg
1901.jpg,0,asd_1001.jpg
19010.jpg,0,asd_1002.jpg
19011.jpg,0,asd_1003.jpg
19012.jpg,0,asd_1004.jpg
19013.jpg,0,asd_1005.jpg
19014.jpg,2,asd_1006.jpg
19015.jpg,0,asd_1007.jpg
19016.jpg,4,asd_1008.jpg
19017.jpg,0,asd_1009.jpg
1902.jpg,0,asd_1010.jpg
1903.jpg,2,asd_1011.jpg
1906.jpg,0,asd_1012.jpg
1907.jpg,0,asd_1013.jpg
1908.jpg,2,asd_1014.jpg
1909.jpg,0,asd_1015.jpg
192.jpg,3,asd_1016.jpg
193 copy.jpg,0,asd_1017.jpg
193.jpg,4,asd_1018.jpg
194 copy.jpg,0,asd_1019.jpg
194.jpg,4,asd_1020.jpg
196 copy.jpg,0,asd_1021.jpg
198 copy.jpg,2,asd_1022.jpg
199 copy.jpg,4,asd_1023.jpg
20 copy 2.jpg,0,asd_1024.jpg
20 copy.jpg,3,asd_1025.jpg
20.jpg,4,asd_1026.jpg
200.jpg,4,asd_1027.jpg
201 copy 2.jpg,4,asd_1028.jpg
201 copy.jpg,0,asd_1029.jpg
201.jpg,3,asd_1030.jpg
202.jpg,4,asd_1031.jpg
203 copy 2.jpg,0,asd_1032.jpg
203 copy.jpg,0,asd_1033.jpg
204.jpg,2,asd_1034.jpg
205.jpg,2,asd_1035.jpg
206.jpg,0,asd_1036.jpg
207.jpg,3,asd_1037.jpg
208.jpg,3,asd_1038.jpg
209 copy.jpg,4,asd_1039.jpg
209.jpg,4,asd_1040.jpg
21 copy 2.jpg,0,asd_1041.jpg
21.jpg,0,asd_1042.jpg
211 copy.jpg,4,asd_1043.jpg
212.jpg,4,asd_1044.jpg
213 copy.jpg,4,asd_1045.jpg
214 copy.jpg,4,asd_1046.jpg
215 copy.jpg,0,asd_1047.jpg
215.jpg,0,asd_1048.jpg
218 copy.jpg,4,asd_1049.jpg
218.jpg,2,asd_1050.jpg
219.jpg,3,asd_1051.jpg
22.jpg,4,asd_1052.jpg
2200.jpg,4,asd_1053.jpg
221.jpg,4,asd_1054.jpg
223.jpg,4,asd_1055.jpg
224.jpg,0,asd_1056.jpg
226.jpg,3,asd_1057.jpg
227.jpg,0,asd_1058.jpg
228.jpg,4,asd_1059.jpg
23.jpg,4,asd_1060.jpg
230 copy.jpg,4,asd_1061.jpg
230.jpg,2,asd_1062.jpg
2300.jpg,0,asd_1063.jpg
2301.jpg,1,asd_1064.jpg
23010.jpg,4,asd_1065.jpg
230100.jpg,4,asd_1066.jpg
230101.jpg,2,asd_1067.jpg
230102.jpg,1,asd_1068.jpg
230103.jpg,4,asd_1069.jpg
230104.jpg,4,asd_1070.jpg
230105.jpg,4,asd_1071.jpg
230106.jpg,4,asd_1072.jpg
230107.jpg,1,asd_1073.jpg
230108.jpg,1,asd_1074.jpg
230109.jpg,1,asd_1075.jpg
23011.jpg,1,asd_1076.jpg
230110.jpg,4,asd_1077.jpg
230111.jpg,1,asd_1078.jpg
230113.jpg,1,asd_1079.jpg
230114.jpg,3,asd_1080.jpg
230115.jpg,1,asd_1081.jpg
230116.jpg,4,asd_1082.jpg
230117.jpg,1,asd_1083.jpg
230119.jpg,4,asd_1084.jpg
23012.jpg,4,asd_1085.jpg
230120.jpg,4,asd_1086.jpg
230121.jpg,4,asd_1087.jpg
230122.jpg,4,asd_1088.jpg
230123.jpg,4,asd_1089.jpg
230124.jpg,4,asd_1090.jpg
230126.jpg,4,asd_1091.jpg
230127.jpg,4,asd_1092.jpg
230128.jpg,4,asd_1093.jpg
230129.jpg,3,asd_1094.jpg
23013.jpg,4,asd_1095.jpg
230130.jpg,4,asd_1096.jpg
230131.jpg,2,asd_1097.jpg
230134.jpg,1,asd_1098.jpg
230135.jpg,1,asd_1099.jpg
230138.jpg,2,asd_1100.jpg
230139.jpg,4,asd_1101.jpg
23014.jpg,4,asd_1102.jpg
230140.jpg,4,asd_1103.jpg
230141.jpg,4,asd_1104.jpg
230142.jpg,2,asd_1105.jpg
230143.jpg,4,asd_1106.jpg
230144.jpg,4,asd_1107.jpg
230146.jpg,2,asd_1108.jpg
230147.jpg,3,asd_1109.jpg
230148.jpg,2,asd_1110.jpg
230149.jpg,1,asd_1111.jpg
23015.jpg,4,asd_1112.jpg
230150.jpg,1,asd_1113.jpg
230152.jpg,0,asd_1114.jpg
230153.jpg,1,asd_1115.jpg
230159.jpg,4,asd_1116.jpg
23016.jpg,2,asd_1117.jpg
230160.jpg,2,asd_1118.jpg
230162.jpg,3,asd_1119.jpg
230164.jpg,1,asd_1120.jpg
230165.jpg,1,asd_1121.jpg
230168.jpg,4,asd_1122.jpg
23017.jpg,3,asd_1123.jpg
230170.jpg,4,asd_1124.jpg
230172.jpg,1,asd_1125.jpg
230173.jpg,1,asd_1126.jpg
230174.jpg,1,asd_1127.jpg
230175.jpg,1,asd_1128.jpg
230177.jpg,4,asd_1129.jpg
23018.jpg,4,asd_1130.jpg
2302.jpg,2,asd_1131.jpg
23020.jpg,4,asd_1132.jpg
23022.jpg,4,asd_1133.jpg
23023.jpg,3,asd_1134.jpg
23024.jpg,4,asd_1135.jpg
23026.jpg,0,asd_1136.jpg
23029.jpg,4,asd_1137.jpg
2303.jpg,4,asd_1138.jpg
23030.jpg,4,asd_1139.jpg
23031.jpg,4,asd_1140.jpg
23032.jpg,4,asd_1141.jpg
23033.jpg,4,asd_1142.jpg
23034.jpg,4,asd_1143.jpg
23035.jpg,2,asd_1144.jpg
23036.jpg,4,asd_1145.jpg
23037.jpg,4,asd_1146.jpg
23039.jpg,1,asd_1147.jpg
2304.jpg,1,asd_1148.jpg
23041.jpg,4,asd_1149.jpg
23042.jpg,1,asd_1150.jpg
23043.jpg,4,asd_1151.jpg
23044.jpg,4,asd_1152.jpg
23045.jpg,2,asd_1153.jpg
23050.jpg,1,asd_1154.jpg
23052.jpg,1,asd_1155.jpg
23053.jpg,1,asd_1156.jpg
23055.jpg,1,asd_1157.jpg
2307.jpg,4,asd_1158.jpg
23070.jpg,2,asd_1159.jpg
23071.jpg,1,asd_1160.jpg
23073.jpg,4,asd_1161.jpg
23074.jpg,3,asd_1162.jpg
23077.jpg,2,asd_1163.jpg
23079.jpg,4,asd_1164.jpg
2308.jpg,4,asd_1165.jpg
23080.jpg,1,asd_1166.jpg
23083.jpg,4,asd_1167.jpg
23084.jpg,4,asd_1168.jpg
23085.jpg,4,asd_1169.jpg
23086.jpg,4,asd_1170.jpg
23087.jpg,4,asd_1171.jpg
23088.jpg,4,asd_1172.jpg
23089.jpg,4,asd_1173.jpg
2309.jpg,4,asd_1174.jpg
23091.jpg,4,asd_1175.jpg
23092.jpg,4,asd_1176.jpg
23094.jpg,4,asd_1177.jpg
23096.jpg,4,asd_1178.jpg
23097.jpg,4,asd_1179.jpg
23098.jpg,4,asd_1180.jpg
23099.jpg,4,asd_1181.jpg
231.jpg,4,asd_1182.jpg
233.jpg,4,asd_1183.jpg
234.jpg,4,asd_1184.jpg
235 copy.jpg,0,asd_1185.jpg
235.jpg,4,asd_1186.jpg
238.jpg,3,asd_1187.jpg
239.jpg,4,asd_1188.jpg
24 copy.jpg,4,asd_1189.jpg
24.jpg,3,asd_1190.jpg
2400.jpg,2,asd_1191.jpg
24010.jpg,2,asd_1192.jpg
24011.jpg,4,asd_1193.jpg
24012.jpg,2,asd_1194.jpg
24013.jpg,4,asd_1195.jpg
2402.jpg,2,asd_1196.jpg
24020.jpg,2,asd_1197.jpg
24021.jpg,2,asd_1198.jpg
24022.jpg,4,asd_1199.jpg
24023.jpg,2,asd_1200.jpg
24024.jpg,4,asd_1201.jpg
2403.jpg,2,asd_1202.jpg
2404.jpg,4,asd_1203.jpg
2405.jpg,2,asd_1204.jpg
2406.jpg,4,asd_1205.jpg
2407.jpg,2,asd_1206.jpg
2408.jpg,4,asd_1207.jpg
2409.jpg,2,asd_1208.jpg
241.jpg,4,asd_1209.jpg
242 copy.jpg,0,asd_1210.jpg
242.jpg,0,asd_1211.jpg
243.jpg,1,asd_1212.jpg
244.jpg,0,asd_1213.jpg
245 copy.jpg,4,asd_1214.jpg
246.jpg,0,asd_1215.jpg
247.jpg,4,asd_1216.jpg
249.jpg,4,asd_1217.jpg
25 copy.jpg,4,asd_1218.jpg
251.jpg,0,asd_1219.jpg
252.jpg,0,asd_1220.jpg
253.jpg,4,asd_1221.jpg
254 copy.jpg,3,asd_1222.jpg
255 copy.jpg,4,asd_1223.jpg
255.jpg,4,asd_1224.jpg
256.jpg,3,asd_1225.jpg
259.jpg,3,asd_1226.jpg
262.jpg,0,asd_1227.jpg
266.jpg,1,asd_1228.jpg
268.jpg,4,asd_1229.jpg
27 copy.jpg,0,asd_1230.jpg
27.jpg,0,asd_1231.jpg
270.jpg,0,asd_1232.jpg
272.jpg,4,asd_1233.jpg
273.jpg,2,asd_1234.jpg
275.jpg,4,asd_1235.jpg
276.jpg,4,asd_1236.jpg
277.jpg,1,asd_1237.jpg
278.jpg,3,asd_1238.jpg
279.jpg,0,asd_1239.jpg
280.jpg,0,asd_1240.jpg
2800.jpg,2,asd_1241.jpg
2801.jpg,2,asd_1242.jpg
28010.jpg,2,asd_1243.jpg
280101.jpg,2,asd_1244.jpg
280102.jpg,2,asd_1245.jpg
280107.jpg,2,asd_1246.jpg
280108.jpg,2,asd_1247.jpg
280109.jpg,2,asd_1248.jpg
280112.jpg,2,asd_1249.jpg
280113.jpg,2,asd_1250.jpg
280114.jpg,2,asd_1251.jpg
280115.jpg,2,asd_1252.jpg
280116.jpg,2,asd_1253.jpg
280117.jpg,0,asd_1254.jpg
280118.jpg,2,asd_1255.jpg
28012.jpg,2,asd_1256.jpg
280125.jpg,0,asd_1257.jpg
280126.jpg,2,asd_1258.jpg
280128.jpg,2,asd_1259.jpg
280131.jpg,2,asd_1260.jpg
280133.jpg,0,asd_1261.jpg
280135.jpg,2,asd_1262.jpg
280137.jpg,2,asd_1263.jpg
280138.jpg,2,asd_1264.jpg
280139.jpg,2,asd_1265.jpg
28014.jpg,2,asd_1266.jpg
280140.jpg,0,asd_1267.jpg
280141.jpg,2,asd_1268.jpg
